,fixed acidity,volatile acidity,citric acid,residual sugar,chlorides,free sulfur dioxide,total sulfur dioxide,density,pH,sulphates,alcohol,quality
530,10.4,0.44,0.42,1.5,0.145,34,48,0.99832,3.38,0.86,9.9,3
530,10.4,0.44,0.42,1.5,0.145,34,48,0.99832,3.38,0.86,9.9,3
383,11.6,0.58,0.66,2.2,0.074,10,47,1.0008,3.25,0.57,9,3
579,8.3,1.02,0.02,3.4,0.084,6,11,0.99892,3.48,0.49,11,3
1158,7.1,0.875,0.05,5.7,0.082,3,14,0.99808,3.4,0.52,10.2,3
579,8.3,1.02,0.02,3.4,0.084,6,11,0.99892,3.48,0.49,11,3
1054,6.8,0.815,0,1.2,0.267,16,29,0.99471,3.32,0.51,9.8,3
530,10.4,0.44,0.42,1.5,0.145,34,48,0.99832,3.38,0.86,9.9,3
530,10.4,0.44,0.42,1.5,0.145,34,48,0.99832,3.38,0.86,9.9,3
979,7.6,1.58,0,2.1,0.137,5,9,0.99476,3.5,0.4,10.9,3
979,7.6,1.58,0,2.1,0.137,5,9,0.99476,3.5,0.4,10.9,3
1054,6.8,0.815,0,1.2,0.267,16,29,0.99471,3.32,0.51,9.8,3
1185,6.7,0.76,0.02,1.8,0.078,6,12,0.996,3.55,0.63,9.95,3
1149,7.3,0.98,0.05,2.1,0.061,20,49,0.99705,3.31,0.55,9.7,3
1149,7.3,0.98,0.05,2.1,0.061,20,49,0.99705,3.31,0.55,9.7,3
1054,6.8,0.815,0,1.2,0.267,16,29,0.99471,3.32,0.51,9.8,3
579,8.3,1.02,0.02,3.4,0.084,6,11,0.99892,3.48,0.49,11,3
579,8.3,1.02,0.02,3.4,0.084,6,11,0.99892,3.48,0.49,11,3
1185,6.7,0.76,0.02,1.8,0.078,6,12,0.996,3.55,0.63,9.95,3
579,8.3,1.02,0.02,3.4,0.084,6,11,0.99892,3.48,0.49,11,3
1158,7.1,0.875,0.05,5.7,0.082,3,14,0.99808,3.4,0.52,10.2,3
1149,7.3,0.98,0.05,2.1,0.061,20,49,0.99705,3.31,0.55,9.7,3
1185,6.7,0.76,0.02,1.8,0.078,6,12,0.996,3.55,0.63,9.95,3
465,7.4,1.185,0,4.25,0.097,5,14,0.9966,3.63,0.54,10.7,3
465,7.4,1.185,0,4.25,0.097,5,14,0.9966,3.63,0.54,10.7,3
530,10.4,0.44,0.42,1.5,0.145,34,48,0.99832,3.38,0.86,9.9,3
1054,6.8,0.815,0,1.2,0.267,16,29,0.99471,3.32,0.51,9.8,3
1158,7.1,0.875,0.05,5.7,0.082,3,14,0.99808,3.4,0.52,10.2,3
383,11.6,0.58,0.66,2.2,0.074,10,47,1.0008,3.25,0.57,9,3
1054,6.8,0.815,0,1.2,0.267,16,29,0.99471,3.32,0.51,9.8,3
1149,7.3,0.98,0.05,2.1,0.061,20,49,0.99705,3.31,0.55,9.7,3
1158,7.1,0.875,0.05,5.7,0.082,3,14,0.99808,3.4,0.52,10.2,3
530,10.4,0.44,0.42,1.5,0.145,34,48,0.99832,3.38,0.86,9.9,3
530,10.4,0.44,0.42,1.5,0.145,34,48,0.99832,3.38,0.86,9.9,3
1185,6.7,0.76,0.02,1.8,0.078,6,12,0.996,3.55,0.63,9.95,3
1185,6.7,0.76,0.02,1.8,0.078,6,12,0.996,3.55,0.63,9.95,3
1185,6.7,0.76,0.02,1.8,0.078,6,12,0.996,3.55,0.63,9.95,3
530,10.4,0.44,0.42,1.5,0.145,34,48,0.99832,3.38,0.86,9.9,3
1054,6.8,0.815,0,1.2,0.267,16,29,0.99471,3.32,0.51,9.8,3
1149,7.3,0.98,0.05,2.1,0.061,20,49,0.99705,3.31,0.55,9.7,3
979,7.6,1.58,0,2.1,0.137,5,9,0.99476,3.5,0.4,10.9,3
530,10.4,0.44,0.42,1.5,0.145,34,48,0.99832,3.38,0.86,9.9,3
579,8.3,1.02,0.02,3.4,0.084,6,11,0.99892,3.48,0.49,11,3
979,7.6,1.58,0,2.1,0.137,5,9,0.99476,3.5,0.4,10.9,3
1149,7.3,0.98,0.05,2.1,0.061,20,49,0.99705,3.31,0.55,9.7,3
465,7.4,1.185,0,4.25,0.097,5,14,0.9966,3.63,0.54,10.7,3
383,11.6,0.58,0.66,2.2,0.074,10,47,1.0008,3.25,0.57,9,3
579,8.3,1.02,0.02,3.4,0.084,6,11,0.99892,3.48,0.49,11,3
530,10.4,0.44,0.42,1.5,0.145,34,48,0.99832,3.38,0.86,9.9,3
1149,7.3,0.98,0.05,2.1,0.061,20,49,0.99705,3.31,0.55,9.7,3
21,8.8,0.61,0.3,2.8,0.088,17,46,0.9976,3.26,0.51,9.3,4
531,11.6,0.47,0.44,1.6,0.147,36,51,0.99836,3.38,0.86,9.9,4
181,8.4,0.635,0.36,2,0.089,15,55,0.99745,3.31,0.57,10.4,4
943,8.2,0.78,0,2.2,0.089,13,26,0.9978,3.37,0.46,9.6,4
1160,5.6,0.62,0.03,1.5,0.08,6,13,0.99498,3.66,0.62,10.1,4
973,7.5,0.755,0,1.9,0.084,6,12,0.99672,3.34,0.49,9.7,4
973,7.5,0.755,0,1.9,0.084,6,12,0.99672,3.34,0.49,9.7,4
21,8.8,0.61,0.3,2.8,0.088,17,46,0.9976,3.26,0.51,9.3,4
617,12,0.63,0.5,1.4,0.071,6,26,0.99791,3.07,0.6,10.4,4
1160,5.6,0.62,0.03,1.5,0.08,6,13,0.99498,3.66,0.62,10.1,4
913,10.2,0.23,0.37,2.2,0.057,14,36,0.99614,3.23,0.49,9.3,4
941,6.3,1.02,0,2,0.083,17,24,0.99437,3.59,0.55,11.2,4
223,8.1,0.87,0,3.3,0.096,26,61,1.00025,3.6,0.72,9.8,4
941,6.3,1.02,0,2,0.083,17,24,0.99437,3.59,0.55,11.2,4
617,12,0.63,0.5,1.4,0.071,6,26,0.99791,3.07,0.6,10.4,4
617,12,0.63,0.5,1.4,0.071,6,26,0.99791,3.07,0.6,10.4,4
59,8.3,0.625,0.2,1.5,0.08,27,119,0.9972,3.16,1.12,9.1,4
1049,6.6,0.61,0,1.6,0.069,4,8,0.99396,3.33,0.37,10.4,4
333,12.5,0.46,0.49,4.5,0.07,26,49,0.9981,3.05,0.57,9.6,4
181,8.4,0.635,0.36,2,0.089,15,55,0.99745,3.31,0.57,10.4,4
804,6.5,0.58,0,2.2,0.096,3,13,0.99557,3.62,0.62,11.5,4
617,12,0.63,0.5,1.4,0.071,6,26,0.99791,3.07,0.6,10.4,4
531,11.6,0.47,0.44,1.6,0.147,36,51,0.99836,3.38,0.86,9.9,4
973,7.5,0.755,0,1.9,0.084,6,12,0.99672,3.34,0.49,9.7,4
918,8.1,0.73,0,2.5,0.081,12,24,0.99798,3.38,0.46,9.6,4
919,6.5,0.67,0,4.3,0.057,11,20,0.99488,3.45,0.56,11.8,4
941,6.3,1.02,0,2,0.083,17,24,0.99437,3.59,0.55,11.2,4
856,6.5,0.88,0.03,5.6,0.079,23,47,0.99572,3.58,0.5,11.2,4
919,6.5,0.67,0,4.3,0.057,11,20,0.99488,3.45,0.56,11.8,4
404,8.2,0.915,0.27,2.1,0.088,7,23,0.9962,3.26,0.47,10,4
556,7.1,0.47,0,2.2,0.067,7,14,0.99517,3.4,0.58,10.9,4
804,6.5,0.58,0,2.2,0.096,3,13,0.99557,3.62,0.62,11.5,4
617,12,0.63,0.5,1.4,0.071,6,26,0.99791,3.07,0.6,10.4,4
1160,5.6,0.62,0.03,1.5,0.08,6,13,0.99498,3.66,0.62,10.1,4
437,10.1,0.935,0.22,3.4,0.105,11,86,1.001,3.43,0.64,11.3,4
869,8.8,0.955,0.05,1.8,0.075,5,19,0.99616,3.3,0.44,9.6,4
18,5.7,1.13,0.09,1.5,0.172,7,19,0.994,3.5,0.48,9.8,4
607,8.4,0.67,0.19,2.2,0.093,11,75,0.99736,3.2,0.59,9.2,4
913,10.2,0.23,0.37,2.2,0.057,14,36,0.99614,3.23,0.49,9.3,4
1043,8,0.83,0.27,2,0.08,11,63,0.99652,3.29,0.48,9.8,4
437,10.1,0.935,0.22,3.4,0.105,11,86,1.001,3.43,0.64,11.3,4
941,6.3,1.02,0,2,0.083,17,24,0.99437,3.59,0.55,11.2,4
943,8.2,0.78,0,2.2,0.089,13,26,0.9978,3.37,0.46,9.6,4
943,8.2,0.78,0,2.2,0.089,13,26,0.9978,3.37,0.46,9.6,4
1160,5.6,0.62,0.03,1.5,0.08,6,13,0.99498,3.66,0.62,10.1,4
218,7,0.975,0.04,2,0.087,12,67,0.99565,3.35,0.6,9.4,4
218,7,0.975,0.04,2,0.087,12,67,0.99565,3.35,0.6,9.4,4
919,6.5,0.67,0,4.3,0.057,11,20,0.99488,3.45,0.56,11.8,4
973,7.5,0.755,0,1.9,0.084,6,12,0.99672,3.34,0.49,9.7,4
552,7.3,0.35,0.24,2,0.067,28,48,0.99576,3.43,0.54,10,4
1147,6.7,1.04,0.08,2.3,0.067,19,32,0.99648,3.52,0.57,11,4
478,7.5,0.38,0.48,2.6,0.073,22,84,0.9972,3.32,0.7,9.6,4
1147,6.7,1.04,0.08,2.3,0.067,19,32,0.99648,3.52,0.57,11,4
478,7.5,0.38,0.48,2.6,0.073,22,84,0.9972,3.32,0.7,9.6,4
528,7.5,0.685,0.07,2.5,0.058,5,9,0.99632,3.38,0.55,10.9,4
478,7.5,0.38,0.48,2.6,0.073,22,84,0.9972,3.32,0.7,9.6,4
404,8.2,0.915,0.27,2.1,0.088,7,23,0.9962,3.26,0.47,10,4
556,7.1,0.47,0,2.2,0.067,7,14,0.99517,3.4,0.58,10.9,4
531,11.6,0.47,0.44,1.6,0.147,36,51,0.99836,3.38,0.86,9.9,4
804,6.5,0.58,0,2.2,0.096,3,13,0.99557,3.62,0.62,11.5,4
941,6.3,1.02,0,2,0.083,17,24,0.99437,3.59,0.55,11.2,4
804,6.5,0.58,0,2.2,0.096,3,13,0.99557,3.62,0.62,11.5,4
333,12.5,0.46,0.49,4.5,0.07,26,49,0.9981,3.05,0.57,9.6,4
218,7,0.975,0.04,2,0.087,12,67,0.99565,3.35,0.6,9.4,4
1141,6.2,0.785,0,2.1,0.06,6,13,0.99664,3.59,0.61,10,4
1160,5.6,0.62,0.03,1.5,0.08,6,13,0.99498,3.66,0.62,10.1,4
1141,6.2,0.785,0,2.1,0.06,6,13,0.99664,3.59,0.61,10,4
333,12.5,0.46,0.49,4.5,0.07,26,49,0.9981,3.05,0.57,9.6,4
223,8.1,0.87,0,3.3,0.096,26,61,1.00025,3.6,0.72,9.8,4
918,8.1,0.73,0,2.5,0.081,12,24,0.99798,3.38,0.46,9.6,4
856,6.5,0.88,0.03,5.6,0.079,23,47,0.99572,3.58,0.5,11.2,4
18,5.7,1.13,0.09,1.5,0.172,7,19,0.994,3.5,0.48,9.8,4
1164,6.8,0.91,0.06,2,0.06,4,11,0.99592,3.53,0.64,10.9,4
607,8.4,0.67,0.19,2.2,0.093,11,75,0.99736,3.2,0.59,9.2,4
956,8.5,0.4,0.4,6.3,0.05,3,10,0.99566,3.28,0.56,12,4
941,6.3,1.02,0,2,0.083,17,24,0.99437,3.59,0.55,11.2,4
124,7.3,0.55,0.03,1.6,0.072,17,42,0.9956,3.37,0.48,9,4
1147,6.7,1.04,0.08,2.3,0.067,19,32,0.99648,3.52,0.57,11,4
915,6,0.33,0.32,12.9,0.054,6,113,0.99572,3.3,0.56,11.5,4
804,6.5,0.58,0,2.2,0.096,3,13,0.99557,3.62,0.62,11.5,4
53,8.3,0.675,0.26,2.1,0.084,11,43,0.9976,3.31,0.53,9.2,4
1201,6.9,0.48,0.2,1.9,0.082,9,23,0.99585,3.39,0.43,9.05,4
915,6,0.33,0.32,12.9,0.054,6,113,0.99572,3.3,0.56,11.5,4
918,8.1,0.73,0,2.5,0.081,12,24,0.99798,3.38,0.46,9.6,4
617,12,0.63,0.5,1.4,0.071,6,26,0.99791,3.07,0.6,10.4,4
479,9.1,0.765,0.04,1.6,0.078,4,14,0.998,3.29,0.54,9.7,4
21,8.8,0.61,0.3,2.8,0.088,17,46,0.9976,3.26,0.51,9.3,4
127,7.9,0.885,0.03,1.8,0.058,4,8,0.9972,3.36,0.33,9.1,4
913,10.2,0.23,0.37,2.2,0.057,14,36,0.99614,3.23,0.49,9.3,4
1164,6.8,0.91,0.06,2,0.06,4,11,0.99592,3.53,0.64,10.9,4
181,8.4,0.635,0.36,2,0.089,15,55,0.99745,3.31,0.57,10.4,4
973,7.5,0.755,0,1.9,0.084,6,12,0.99672,3.34,0.49,9.7,4
1043,8,0.83,0.27,2,0.08,11,63,0.99652,3.29,0.48,9.8,4
223,8.1,0.87,0,3.3,0.096,26,61,1.00025,3.6,0.72,9.8,4
869,8.8,0.955,0.05,1.8,0.075,5,19,0.99616,3.3,0.44,9.6,4
943,8.2,0.78,0,2.2,0.089,13,26,0.9978,3.37,0.46,9.6,4
479,9.1,0.765,0.04,1.6,0.078,4,14,0.998,3.29,0.54,9.7,4
1201,6.9,0.48,0.2,1.9,0.082,9,23,0.99585,3.39,0.43,9.05,4
53,8.3,0.675,0.26,2.1,0.084,11,43,0.9976,3.31,0.53,9.2,4
218,7,0.975,0.04,2,0.087,12,67,0.99565,3.35,0.6,9.4,4
942,9.8,0.45,0.38,2.5,0.081,34,66,0.99726,3.15,0.58,9.8,5
1153,6.1,0.6,0.08,1.8,0.071,14,45,0.99336,3.38,0.54,11,5
426,10,0.58,0.22,1.9,0.08,9,32,0.9974,3.13,0.55,9.5,5
1,7.6,0.39,0.31,2.3,0.082,23,71,0.9982,3.52,0.65,9.7,5
48,9.3,0.32,0.57,2,0.074,27,65,0.9969,3.28,0.79,10.7,5
397,9.9,0.35,0.55,2.1,0.062,5,14,0.9971,3.26,0.79,10.6,5
440,9.6,0.88,0.28,2.4,0.086,30,147,0.9979,3.24,0.53,9.4,5
460,8.1,0.78,0.23,2.6,0.059,5,15,0.997,3.37,0.56,11.3,5
1055,7.2,0.56,0.26,2,0.083,13,100,0.99586,3.26,0.52,9.9,5
777,8.6,0.52,0.38,1.5,0.096,5,18,0.99666,3.2,0.52,9.4,5
184,9,0.82,0.14,2.6,0.089,9,23,0.9984,3.39,0.63,9.8,5
521,6.7,0.54,0.13,2,0.076,15,36,0.9973,3.61,0.64,9.8,5
56,8.8,0.41,0.64,2.2,0.093,9,42,0.9986,3.54,0.66,10.5,5
523,7.1,0.46,0.14,2.8,0.076,15,37,0.99624,3.36,0.49,10.7,5
71,7.8,0.56,0.19,1.8,0.104,12,47,0.9964,3.19,0.93,9.5,5
310,13.5,0.53,0.79,4.8,0.12,23,77,1.0018,3.18,0.77,13,5
179,6.8,0.61,0.04,1.5,0.057,5,10,0.99525,3.42,0.6,9.5,5
751,7.5,0.77,0.2,8.1,0.098,30,92,0.99892,3.2,0.58,9.2,5
1116,10,0.38,0.38,1.6,0.169,27,90,0.99914,3.15,0.65,8.5,5
486,8.9,0.565,0.34,3,0.093,16,112,0.9998,3.38,0.61,9.5,5
86,6.1,0.38,0.15,1.8,0.072,6,19,0.9955,3.42,0.57,9.4,5
248,11,0.2,0.48,2,0.343,6,18,0.9979,3.3,0.71,10.5,5
1063,8,0.6,0.22,2.1,0.08,25,105,0.99613,3.3,0.49,9.9,5
1244,7.2,0.695,0.13,2,0.076,12,20,0.99546,3.29,0.54,10.1,5
435,10.4,0.28,0.54,2.7,0.105,5,19,0.9988,3.25,0.63,9.5,5
24,6.8,0.67,0.02,1.8,0.05,5,11,0.9962,3.48,0.52,9.5,5
1050,8.7,0.78,0.51,1.7,0.415,12,66,0.99623,3,1.17,9.2,5
832,8.3,0.6,0.25,2.2,0.118,9,38,0.99616,3.15,0.53,9.8,5
864,6.7,0.64,0.23,2.1,0.08,11,119,0.99538,3.36,0.7,10.9,5
473,9.4,0.615,0.28,3.2,0.087,18,72,1.0001,3.31,0.53,9.7,5
104,7.6,0.49,0.26,1.6,0.236,10,88,0.9968,3.11,0.8,9.3,5
559,7.2,0.6,0.04,2.5,0.076,18,88,0.99745,3.53,0.55,9.5,5
38,7.8,0.59,0.18,2.3,0.076,17,54,0.9975,3.43,0.59,10,5
424,8.3,0.54,0.24,3.4,0.076,16,112,0.9976,3.27,0.61,9.4,5
868,6.7,0.64,0.23,2.1,0.08,11,119,0.99538,3.36,0.7,10.9,5
67,7.8,0.56,0.19,1.8,0.104,12,47,0.9964,3.19,0.93,9.5,5
990,7.5,0.61,0.26,1.9,0.073,24,88,0.99612,3.3,0.53,9.8,5
1218,6.2,0.64,0.09,2.5,0.081,15,26,0.99538,3.57,0.63,12,5
36,10.2,0.42,0.57,3.4,0.07,4,10,0.9971,3.04,0.63,9.6,5
608,8.6,0.47,0.27,2.3,0.055,14,28,0.99516,3.18,0.8,11.2,5
985,7.5,0.61,0.26,1.9,0.073,24,88,0.99612,3.3,0.53,9.8,5
1000,9.7,0.66,0.34,2.6,0.094,12,88,0.99796,3.26,0.66,10.1,5
425,8.2,0.56,0.23,3.4,0.078,14,104,0.9976,3.28,0.62,9.4,5
446,9.9,0.54,0.45,2.3,0.071,16,40,0.9991,3.39,0.62,9.4,5
445,9.5,0.59,0.44,2.3,0.071,21,68,0.9992,3.46,0.63,9.5,5
1127,6.8,0.67,0,1.9,0.08,22,39,0.99701,3.4,0.74,9.7,5
1203,6.8,0.48,0.25,2,0.076,29,61,0.9953,3.34,0.6,10.4,5
488,8,0.43,0.36,2.3,0.075,10,48,0.9976,3.34,0.46,9.4,5
1014,7.2,0.835,0,2,0.166,4,11,0.99608,3.39,0.52,10,5
1241,7.8,0.6,0.26,2,0.08,31,131,0.99622,3.21,0.52,9.9,5
692,7.7,1.005,0.15,2.1,0.102,11,32,0.99604,3.23,0.48,10,5
428,6.8,0.69,0,5.6,0.124,21,58,0.9997,3.46,0.72,10.2,5
639,8,0.59,0.05,2,0.089,12,32,0.99735,3.36,0.61,10,5
614,6.6,0.61,0.01,1.9,0.08,8,25,0.99746,3.69,0.73,10.5,5
1163,8.1,0.33,0.44,1.5,0.042,6,12,0.99542,3.35,0.61,10.7,5
1067,7.4,0.64,0.07,1.8,0.1,8,23,0.9961,3.3,0.58,9.6,5
1081,7.9,0.69,0.21,2.1,0.08,33,141,0.9962,3.25,0.51,9.9,5
324,6.6,0.735,0.02,7.9,0.122,68,124,0.9994,3.47,0.53,9.9,5
172,7,0.49,0.49,5.6,0.06,26,121,0.9974,3.34,0.76,10.5,5
1156,9.9,0.5,0.5,13.8,0.205,48,82,1.00242,3.16,0.75,8.8,5
219,8,0.52,0.03,1.7,0.07,10,35,0.99575,3.34,0.57,10,5
363,7,0.62,0.18,1.5,0.062,7,50,0.9951,3.08,0.6,9.3,5
1038,7.4,0.64,0.17,5.4,0.168,52,98,0.99736,3.28,0.5,9.5,5
699,7,0.5,0.14,1.8,0.078,10,23,0.99636,3.53,0.61,10.4,5
496,8.9,0.48,0.24,2.85,0.094,35,106,0.9982,3.1,0.53,9.2,5
1180,7.5,0.725,0.04,1.5,0.076,8,15,0.99508,3.26,0.53,9.6,5
655,7.2,0.41,0.3,2.1,0.083,35,72,0.997,3.44,0.52,9.4,5
712,8.1,0.82,0,4.1,0.095,5,14,0.99854,3.36,0.53,9.6,5
1262,6.1,0.715,0.1,2.6,0.053,13,27,0.99362,3.57,0.5,11.9,5
84,8.1,1.33,0,1.8,0.082,3,12,0.9964,3.54,0.48,10.9,5
779,8.6,0.52,0.38,1.5,0.096,5,18,0.99666,3.2,0.52,9.4,5
1277,5.9,0.645,0.12,2,0.075,32,44,0.99547,3.57,0.71,10.2,5
667,7.1,0.36,0.3,1.6,0.08,35,70,0.99693,3.44,0.5,9.4,5
393,8.7,0.82,0.02,1.2,0.07,36,48,0.9952,3.2,0.58,9.8,5
727,7.1,0.43,0.17,1.8,0.082,27,51,0.99634,3.49,0.64,10.4,5
1107,7.6,0.41,0.33,2.5,0.078,6,23,0.9957,3.3,0.58,11.2,5
1100,7.8,0.53,0.01,1.6,0.077,3,19,0.995,3.16,0.46,9.8,5
441,9.5,0.885,0.27,2.3,0.084,31,145,0.9978,3.24,0.53,9.4,5
431,8.8,0.6,0.29,2.2,0.098,5,15,0.9988,3.36,0.49,9.1,5
65,6.9,0.55,0.15,2.2,0.076,19,40,0.9961,3.41,0.59,10.1,5
911,7.8,0.815,0.01,2.6,0.074,48,90,0.99621,3.38,0.62,10.8,5
254,7.1,0.63,0.06,2,0.083,8,29,0.99855,3.67,0.73,9.6,5
80,8,0.71,0,2.6,0.08,11,34,0.9976,3.44,0.53,9.5,5
1238,6.9,0.63,0.33,6.7,0.235,66,115,0.99787,3.22,0.56,9.5,5
197,8.9,0.635,0.37,1.7,0.263,5,62,0.9971,3,1.09,9.3,5
213,9.4,0.34,0.37,2.2,0.075,5,13,0.998,3.22,0.62,9.2,5
45,7.2,0.725,0.05,4.65,0.086,4,11,0.9962,3.41,0.39,10.9,5
270,8.6,0.47,0.3,3,0.076,30,135,0.9976,3.3,0.53,9.4,5
757,8.6,0.37,0.65,6.4,0.08,3,8,0.99817,3.27,0.58,11,5
459,9.8,0.98,0.32,2.3,0.078,35,152,0.998,3.25,0.48,9.4,5
109,7.5,0.6,0.03,1.8,0.095,25,99,0.995,3.35,0.54,10.1,5
1069,6.7,0.48,0.02,2.2,0.08,36,111,0.99524,3.1,0.53,9.7,5
43,7,0.735,0.05,2,0.081,13,54,0.9966,3.39,0.57,9.8,5
968,7,0.6,0.3,4.5,0.068,20,110,0.99914,3.3,1.17,10.2,5
926,7.4,0.74,0.07,1.7,0.086,15,48,0.99502,3.12,0.48,10,5
439,8.7,0.84,0,1.4,0.065,24,33,0.9954,3.27,0.55,9.7,5
68,8.4,0.62,0.09,2.2,0.084,11,108,0.9964,3.15,0.66,9.8,5
1181,7.8,0.82,0.29,4.3,0.083,21,64,0.99642,3.16,0.53,9.4,5
1071,8,0.64,0.22,2.4,0.094,5,33,0.99612,3.37,0.58,11,5
983,8,0.28,0.44,1.8,0.081,28,68,0.99501,3.36,0.66,11.2,5
6,7.6,0.41,0.24,1.8,0.08,4,11,0.9962,3.28,0.59,9.5,5
122,7.8,0.63,0.48,1.7,0.1,14,96,0.9961,3.19,0.62,9.5,5
92,8.4,0.745,0.11,1.9,0.09,16,63,0.9965,3.19,0.82,9.6,5
174,8.1,0.725,0.22,2.2,0.072,11,41,0.9967,3.36,0.55,9.1,5
936,7.5,0.59,0.22,1.8,0.082,43,60,0.99499,3.1,0.42,9.2,5
1261,6.2,0.56,0.09,1.7,0.053,24,32,0.99402,3.54,0.6,11.3,5
433,7.6,0.685,0.23,2.3,0.111,20,84,0.9964,3.21,0.61,9.3,5
533,9.3,0.43,0.44,1.9,0.085,9,22,0.99708,3.28,0.55,9.5,5
1137,7.6,0.49,0.33,1.9,0.074,27,85,0.99706,3.41,0.58,9,5
883,9.9,0.74,0.19,5.8,0.111,33,76,0.99878,3.14,0.55,9.4,5
346,7.7,0.96,0.2,2,0.047,15,60,0.9955,3.36,0.44,10.9,5
863,6.8,0.66,0.07,1.6,0.07,16,61,0.99572,3.29,0.6,9.3,5
905,9.2,0.46,0.23,2.6,0.091,18,77,0.99922,3.15,0.51,9.4,5
69,8.4,0.6,0.1,2.2,0.085,14,111,0.9964,3.15,0.66,9.8,5
323,8.7,0.765,0.22,2.3,0.064,9,42,0.9963,3.1,0.55,9.4,5
967,8,0.6,0.08,2.6,0.056,3,7,0.99286,3.22,0.37,13,5
649,6.7,0.56,0.09,2.9,0.079,7,22,0.99669,3.46,0.61,10.2,5
386,11,0.26,0.68,2.55,0.085,10,25,0.997,3.18,0.61,11.8,5
912,7.6,0.43,0.29,2.1,0.075,19,66,0.99718,3.4,0.64,9.5,5
952,5.9,0.46,0,1.9,0.077,25,44,0.99385,3.5,0.53,11.2,5
246,11.6,0.42,0.53,3.3,0.105,33,98,1.001,3.2,0.95,9.2,5
1154,9.9,0.5,0.5,13.8,0.205,48,82,1.00242,3.16,0.75,8.8,5
1064,7.1,0.755,0.15,1.8,0.107,20,84,0.99593,3.19,0.5,9.5,5
151,7.6,0.55,0.21,2.2,0.071,7,28,0.9964,3.28,0.55,9.7,5
1033,7.6,0.645,0.03,1.9,0.086,14,57,0.9969,3.37,0.46,10.3,5
414,8.8,0.24,0.54,2.5,0.083,25,57,0.9983,3.39,0.54,9.2,5
406,7.7,0.835,0,2.6,0.081,6,14,0.9975,3.3,0.52,9.3,5
1041,8.3,0.85,0.14,2.5,0.093,13,54,0.99724,3.36,0.54,10.1,5
147,8.2,0.5,0.35,2.9,0.077,21,127,0.9976,3.23,0.62,9.4,5
1171,5.6,0.54,0.04,1.7,0.049,5,13,0.9942,3.72,0.58,11.4,5
463,7.7,0.66,0.04,1.6,0.039,4,9,0.9962,3.4,0.47,9.4,5
271,7.4,0.36,0.29,2.6,0.087,26,72,0.99645,3.39,0.68,11,5
546,7.2,0.62,0.06,2.7,0.077,15,85,0.99746,3.51,0.54,9.5,5
448,9.9,0.54,0.45,2.3,0.071,16,40,0.9991,3.39,0.62,9.4,5
203,7.1,0.68,0.07,1.9,0.075,16,51,0.99685,3.38,0.52,9.5,5
518,7,0.685,0,1.9,0.099,9,22,0.99606,3.34,0.6,9.7,5
1269,6.6,0.725,0.2,7.8,0.073,29,79,0.9977,3.29,0.54,9.2,5
263,7.6,0.62,0.32,2.2,0.082,7,54,0.9966,3.36,0.52,9.4,5
720,7.4,0.965,0,2.2,0.088,16,32,0.99756,3.58,0.67,10.2,5
138,8.9,0.61,0.49,2,0.27,23,110,0.9972,3.12,1.02,9.3,5
1233,7.3,0.735,0,2.2,0.08,18,28,0.99765,3.41,0.6,9.4,5
481,7,0.78,0.08,2,0.093,10,19,0.9956,3.4,0.47,10,5
178,7.4,0.53,0.26,2,0.101,16,72,0.9957,3.15,0.57,9.4,5
12,8.3,0.655,0.12,2.3,0.083,15,113,0.9966,3.17,0.66,9.8,5
93,8.3,0.715,0.15,1.8,0.089,10,52,0.9968,3.23,0.77,9.5,5
135,7,0.805,0,2.5,0.068,7,20,0.9969,3.48,0.56,9.6,5
1133,7.6,0.49,0.33,1.9,0.074,27,85,0.99706,3.41,0.58,9,5
164,7.8,0.57,0.31,1.8,0.069,26,120,0.99625,3.29,0.53,9.3,5
209,11.1,0.35,0.48,3.1,0.09,5,21,0.9986,3.17,0.53,10.5,5
113,7.1,0.43,0.42,5.5,0.07,29,129,0.9973,3.42,0.72,10.5,5
355,7.8,0.55,0.35,2.2,0.074,21,66,0.9974,3.25,0.56,9.2,5
176,7.8,0.53,0.33,2.4,0.08,24,144,0.99655,3.3,0.6,9.5,5
964,7,0.42,0.19,2.3,0.071,18,36,0.99476,3.39,0.56,10.9,5
485,10.6,1.025,0.43,2.8,0.08,21,84,0.9985,3.06,0.57,10.1,5
186,6.9,0.52,0.25,2.6,0.081,10,37,0.99685,3.46,0.5,11,5
670,7.7,0.39,0.12,1.7,0.097,19,27,0.99596,3.16,0.49,9.4,5
51,7.7,0.67,0.23,2.1,0.088,17,96,0.9962,3.32,0.48,9.5,5
1176,7.7,0.54,0.26,1.9,0.089,23,147,0.99636,3.26,0.59,9.7,5
600,9.6,0.41,0.37,2.3,0.091,10,23,0.99786,3.24,0.56,10.5,5
923,8.3,0.56,0.22,2.4,0.082,10,86,0.9983,3.37,0.62,9.5,5
317,8.2,0.7,0.23,2,0.099,14,81,0.9973,3.19,0.7,9.4,5
450,9.3,0.41,0.39,2.2,0.064,12,31,0.9984,3.26,0.65,10.2,5
1151,6.7,0.7,0.08,3.75,0.067,8,16,0.99334,3.43,0.52,12.6,5
673,7.1,0.34,0.28,2,0.082,31,68,0.99694,3.45,0.48,9.4,5
1045,7.8,0.5,0.09,2.2,0.115,10,42,0.9971,3.18,0.62,9.5,5
497,9.3,0.655,0.26,2,0.096,5,35,0.99738,3.25,0.42,9.6,5
664,12.2,0.45,0.49,1.4,0.075,3,6,0.9969,3.13,0.63,10.4,5
545,7.2,0.62,0.06,2.5,0.078,17,84,0.99746,3.51,0.53,9.7,5
239,7.6,0.52,0.12,3,0.067,12,53,0.9971,3.36,0.57,9.1,5
77,7.3,1.07,0.09,1.7,0.178,10,89,0.9962,3.3,0.57,9,5
570,7.2,0.34,0.24,2,0.071,30,52,0.99576,3.44,0.58,10.1,5
731,8.5,0.46,0.59,1.4,0.414,16,45,0.99702,3.03,1.34,9.2,5
788,8.1,0.78,0.1,3.3,0.09,4,13,0.99855,3.36,0.49,9.5,5
642,6.6,0.57,0.02,2.1,0.115,6,16,0.99654,3.38,0.69,9.5,5
931,7.5,0.58,0.14,2.2,0.077,27,60,0.9963,3.28,0.59,9.8,5
1226,7,0.57,0.02,2,0.072,17,26,0.99575,3.36,0.61,10.2,5
1002,9.1,0.34,0.42,1.8,0.058,9,18,0.99392,3.18,0.55,11.4,5
341,7,0.58,0.12,1.9,0.091,34,124,0.9956,3.44,0.48,10.5,5
256,6.9,0.67,0.06,2.1,0.08,8,33,0.99845,3.68,0.71,9.6,5
839,10.2,0.41,0.43,2.2,0.11,11,37,0.99728,3.16,0.67,10.8,5
259,8.3,0.705,0.12,2.6,0.092,12,28,0.9994,3.51,0.72,10,5
671,7.1,0.34,0.28,2,0.082,31,68,0.99694,3.45,0.48,9.4,5
1172,6.2,0.65,0.06,1.6,0.05,6,18,0.99348,3.57,0.54,11.95,5
466,9.2,0.92,0.24,2.6,0.087,12,93,0.9998,3.48,0.54,9.8,5
502,8.8,0.59,0.18,2.9,0.089,12,74,0.99738,3.14,0.54,9.4,5
511,7.2,1,0,3,0.102,7,16,0.99586,3.43,0.46,10,5
514,8.3,0.43,0.3,3.4,0.079,7,34,0.99788,3.36,0.61,10.5,5
975,6.6,0.63,0,4.3,0.093,51,77.5,0.99558,3.2,0.45,9.5,5
52,7.7,0.69,0.22,1.9,0.084,18,94,0.9961,3.31,0.48,9.5,5
111,7.1,0.43,0.42,5.5,0.07,29,129,0.9973,3.42,0.72,10.5,5
457,8.5,0.46,0.31,2.25,0.078,32,58,0.998,3.33,0.54,9.8,5
992,8,1.18,0.21,1.9,0.083,14,41,0.99532,3.34,0.47,10.5,5
41,7.7,0.69,0.49,1.8,0.115,20,112,0.9968,3.21,0.71,9.3,5
689,9.6,0.5,0.36,2.8,0.116,26,55,0.99722,3.18,0.68,10.9,5
444,9.9,0.54,0.45,2.3,0.071,16,40,0.9991,3.39,0.62,9.4,5
808,10,0.43,0.33,2.7,0.095,28,89,0.9984,3.22,0.68,10,5
165,7.8,0.44,0.28,2.7,0.1,18,95,0.9966,3.22,0.67,9.4,5
1098,7.8,0.53,0.01,1.6,0.077,3,19,0.995,3.16,0.46,9.8,5
861,9.8,0.39,0.43,1.65,0.068,5,11,0.99478,3.19,0.46,11.4,5
785,6.3,0.57,0.28,2.1,0.048,13,49,0.99374,3.41,0.6,12.8,5
286,10.7,0.46,0.39,2,0.061,7,15,0.9981,3.18,0.62,9.5,5
1032,7.6,0.645,0.03,1.9,0.086,14,57,0.9969,3.37,0.46,10.3,5
668,7.7,0.39,0.12,1.7,0.097,19,27,0.99596,3.16,0.49,9.4,5
468,9,0.48,0.32,2.8,0.084,21,122,0.9984,3.32,0.62,9.4,5
907,9,0.58,0.25,2,0.104,8,21,0.99769,3.27,0.72,9.6,5
494,7.1,0.66,0,3.9,0.086,17,45,0.9976,3.46,0.54,9.5,5
1198,7.4,0.47,0.46,2.2,0.114,7,20,0.99647,3.32,0.63,10.5,5
1061,6.8,0.83,0.09,1.8,0.074,4,25,0.99534,3.38,0.45,9.6,5
717,7.3,0.91,0.1,1.8,0.074,20,56,0.99672,3.35,0.56,9.2,5
487,8.7,0.69,0,3.2,0.084,13,33,0.9992,3.36,0.45,9.4,5
2,7.9,0.43,0.21,1.6,0.106,10,37,0.9966,3.17,0.91,9.5,5
158,8.8,0.37,0.48,2.1,0.097,39,145,0.9975,3.04,1.03,9.3,5
139,7.2,0.73,0.02,2.5,0.076,16,42,0.9972,3.44,0.52,9.3,5
142,8.9,0.31,0.57,2,0.111,26,85,0.9971,3.26,0.53,9.7,5
160,7,0.42,0.35,1.6,0.088,16,39,0.9961,3.34,0.55,9.2,5
278,9.3,0.61,0.26,3.4,0.09,25,87,0.99975,3.24,0.62,9.7,5
799,5.6,0.66,0,2.5,0.066,7,15,0.99256,3.52,0.58,12.9,5
1159,8.2,0.28,0.6,3,0.104,10,22,0.99828,3.39,0.68,10.6,5
242,9.9,0.59,0.07,3.4,0.102,32,71,1.00015,3.31,0.71,9.8,5
1072,7.1,0.62,0.06,1.3,0.07,5,12,0.9942,3.17,0.48,9.8,5
217,7.9,0.33,0.23,1.7,0.077,18,45,0.99625,3.29,0.65,9.3,5
1046,7.3,0.74,0.08,1.7,0.094,10,45,0.99576,3.24,0.5,9.8,5
492,7.6,0.46,0.11,2.6,0.079,12,49,0.9968,3.21,0.57,10,5
1202,6.1,0.32,0.25,2.3,0.071,23,58,0.99633,3.42,0.97,10.6,5
765,6.8,0.48,0.08,1.8,0.074,40,64,0.99529,3.12,0.49,9.6,5
394,13,0.32,0.65,2.6,0.093,15,47,0.9996,3.05,0.61,10.6,5
1076,8.7,0.675,0.1,1.6,0.09,4,11,0.99745,3.31,0.65,9.55,5
984,7.6,0.79,0.21,2.3,0.087,21,68,0.9955,3.12,0.44,9.2,5
123,6.8,0.64,0.1,2.1,0.085,18,101,0.9956,3.34,0.52,10.2,5
62,7.4,0.5,0.47,2,0.086,21,73,0.997,3.36,0.57,9.1,5
873,6.4,0.885,0,2.3,0.166,6,12,0.99551,3.56,0.51,10.8,5
503,7.5,0.6,0.32,2.7,0.103,13,98,0.99938,3.45,0.62,9.5,5
387,8.1,0.66,0.7,2.2,0.098,25,129,0.9972,3.08,0.53,9,5
925,7.4,0.55,0.19,1.8,0.082,15,34,0.99655,3.49,0.68,10.5,5
231,7.5,0.65,0.18,7,0.088,27,94,0.99915,3.38,0.77,9.4,5
1024,11.5,0.42,0.48,2.6,0.077,8,20,0.99852,3.09,0.53,11,5
1122,6.9,0.63,0.02,1.9,0.078,18,30,0.99712,3.4,0.75,9.8,5
20,7.3,0.45,0.36,5.9,0.074,12,87,0.9978,3.33,0.83,10.5,5
1053,7.7,0.75,0.27,3.8,0.11,34,89,0.99664,3.24,0.45,9.3,5
120,7.4,0.6,0.26,7.3,0.07,36,121,0.9982,3.37,0.49,9.4,5
1018,6,0.5,0,1.4,0.057,15,26,0.99448,3.36,0.45,9.5,5
83,8.2,1.33,0,1.7,0.081,3,12,0.9964,3.53,0.49,10.9,5
8,7.1,0.71,0,1.9,0.08,14,35,0.9972,3.47,0.55,9.4,5
1118,7,0.59,0,1.7,0.052,3,8,0.996,3.41,0.47,10.3,5
464,8.1,0.38,0.48,1.8,0.157,5,17,0.9976,3.3,1.05,9.4,5
430,8.8,0.6,0.29,2.2,0.098,5,15,0.9988,3.36,0.49,9.1,5
371,9.3,0.48,0.29,2.1,0.127,6,16,0.9968,3.22,0.72,11.2,5
88,5.6,0.5,0.09,2.3,0.049,17,99,0.9937,3.63,0.63,13,5
1062,8,0.6,0.22,2.1,0.08,25,105,0.99613,3.3,0.49,9.9,5
707,6.4,0.795,0,2.2,0.065,28,52,0.99378,3.49,0.52,11.6,5
1096,10,0.32,0.59,2.2,0.077,3,15,0.9994,3.2,0.78,9.6,5
79,7.3,0.695,0,2.5,0.075,3,13,0.998,3.49,0.52,9.2,5
489,9.9,0.74,0.28,2.6,0.078,21,77,0.998,3.28,0.51,9.8,5
544,7.5,0.42,0.32,2.7,0.067,7,25,0.99628,3.24,0.44,10.4,5
399,9.6,0.68,0.24,2.2,0.087,5,28,0.9988,3.14,0.6,10.2,5
1027,7.2,0.655,0.03,1.8,0.078,7,12,0.99587,3.34,0.39,9.5,5
920,7.5,0.61,0.2,1.7,0.076,36,60,0.99494,3.1,0.4,9.3,5
1228,11.2,0.4,0.5,2,0.099,19,50,0.99783,3.1,0.58,10.4,5
1101,7.5,0.4,0.18,1.6,0.079,24,58,0.9965,3.34,0.58,9.4,5
95,7.8,0.56,0.19,2.1,0.081,15,105,0.9962,3.33,0.54,9.5,5
1240,7.8,0.6,0.26,2,0.08,31,131,0.99622,3.21,0.52,9.9,5
467,8.6,0.49,0.51,2,0.422,16,62,0.9979,3.03,1.17,9,5
596,5.3,0.715,0.19,1.5,0.161,7,62,0.99395,3.62,0.61,11,5
149,6.8,0.63,0.12,3.8,0.099,16,126,0.9969,3.28,0.61,9.5,5
906,7.5,0.58,0.03,4.1,0.08,27,46,0.99592,3.02,0.47,9.2,5
988,9.7,0.69,0.32,2.5,0.088,22,91,0.9979,3.29,0.62,10.1,5
1166,6.8,0.68,0.21,2.1,0.07,9,23,0.99546,3.38,0.6,10.3,5
940,8.6,0.635,0.68,1.8,0.403,19,56,0.99632,3.02,1.15,9.3,5
423,11.3,0.37,0.41,2.3,0.088,6,16,0.9988,3.09,0.8,9.3,5
385,8.3,0.615,0.22,2.6,0.087,6,19,0.9982,3.26,0.61,9.3,5
136,8.8,0.61,0.14,2.4,0.067,10,42,0.9969,3.19,0.59,9.5,5
352,9.1,0.52,0.33,1.3,0.07,9,30,0.9978,3.24,0.6,9.3,5
1016,6,0.5,0,1.4,0.057,15,26,0.99448,3.36,0.45,9.5,5
3,8.5,0.49,0.11,2.3,0.084,9,67,0.9968,3.17,0.53,9.4,5
1239,7.8,0.6,0.26,2,0.08,31,131,0.99622,3.21,0.52,9.9,5
499,9.3,0.655,0.26,2,0.096,5,35,0.99738,3.25,0.42,9.6,5
359,12.3,0.39,0.63,2.3,0.091,6,18,1.0004,3.16,0.49,9.5,5
81,7.8,0.5,0.17,1.6,0.082,21,102,0.996,3.39,0.48,9.5,5
1128,6.9,0.58,0.01,1.9,0.08,40,54,0.99683,3.4,0.73,9.7,5
210,7.7,0.775,0.42,1.9,0.092,8,86,0.9959,3.23,0.59,9.5,5
40,8.8,0.4,0.4,2.2,0.079,19,52,0.998,3.44,0.64,9.2,5
27,8.7,0.29,0.52,1.6,0.113,12,37,0.9969,3.25,0.58,9.5,5
749,8,0.62,0.35,2.8,0.086,28,52,0.997,3.31,0.62,10.8,5
462,9.1,0.64,0.23,3.1,0.095,13,38,0.9998,3.28,0.59,9.7,5
1242,7.2,0.695,0.13,2,0.076,12,20,0.99546,3.29,0.54,10.1,5
1109,7.9,0.18,0.4,2.2,0.049,38,67,0.996,3.33,0.93,11.3,5
357,12.3,0.39,0.63,2.3,0.091,6,18,1.0004,3.16,0.49,9.5,5
415,13.2,0.38,0.55,2.7,0.081,5,16,1.0006,2.98,0.54,9.4,5
121,7.3,0.59,0.26,7.2,0.07,35,121,0.9981,3.37,0.49,9.4,5
1123,6.9,0.58,0.2,1.75,0.058,8,22,0.99322,3.38,0.49,11.7,5
44,7.2,0.725,0.05,4.65,0.086,4,11,0.9962,3.41,0.39,10.9,5
684,8.2,0.43,0.29,1.6,0.081,27,45,0.99603,3.25,0.54,10.3,5
866,6.6,0.8,0.03,7.8,0.079,6,12,0.9963,3.52,0.5,12.2,5
1066,7.4,0.64,0.07,1.8,0.1,8,23,0.9961,3.3,0.58,9.6,5
1030,9,0.6,0.29,2,0.069,32,73,0.99654,3.34,0.57,10,5
522,7.1,0.48,0.28,2.8,0.068,6,16,0.99682,3.24,0.53,10.3,5
1095,6.2,0.58,0,1.6,0.065,8,18,0.9966,3.56,0.84,9.4,5
989,7,0.62,0.1,1.4,0.071,27,63,0.996,3.28,0.61,9.2,5
447,9.5,0.59,0.44,2.3,0.071,21,68,0.9992,3.46,0.63,9.5,5
1099,7.7,0.64,0.21,2.2,0.077,32,133,0.9956,3.27,0.45,9.9,5
1029,6.9,0.57,0,2.8,0.081,21,41,0.99518,3.41,0.52,10.8,5
336,7.1,0.735,0.16,1.9,0.1,15,77,0.9966,3.27,0.64,9.3,5
1230,7.1,0.68,0,2.3,0.087,17,26,0.99783,3.45,0.53,9.5,5
1161,8.2,0.28,0.6,3,0.104,10,22,0.99828,3.39,0.68,10.6,5
1073,8,0.52,0.25,2,0.078,19,59,0.99612,3.3,0.48,10.2,5
126,7.5,0.705,0.24,1.8,0.36,15,63,0.9964,3,1.59,9.5,5
338,8.8,0.52,0.34,2.7,0.087,24,122,0.9982,3.26,0.61,9.5,5
563,7.2,0.6,0.04,2.5,0.076,18,88,0.99745,3.53,0.55,9.5,5
294,7.8,0.43,0.32,2.8,0.08,29,58,0.9974,3.31,0.64,10.3,5
420,9.6,0.6,0.5,2.3,0.079,28,71,0.9997,3.5,0.57,9.7,5
461,7.1,0.65,0.18,1.8,0.07,13,40,0.997,3.44,0.6,9.1,5
969,7,0.6,0.3,4.5,0.068,20,110,0.99914,3.3,1.17,10.2,5
1036,6.1,0.34,0.25,1.8,0.084,4,28,0.99464,3.36,0.44,10.1,5
844,9,0.785,0.24,1.7,0.078,10,21,0.99692,3.29,0.67,10,5
934,7.8,0.7,0.06,1.9,0.079,20,35,0.99628,3.4,0.69,10.9,5
560,9.2,0.56,0.18,1.6,0.078,10,21,0.99576,3.15,0.49,9.9,5
1227,6.3,0.6,0.1,1.6,0.048,12,26,0.99306,3.55,0.51,12.1,5
569,10.7,0.9,0.34,6.6,0.112,23,99,1.00289,3.22,0.68,9.3,5
61,7.8,0.43,0.7,1.9,0.464,22,67,0.9974,3.13,1.28,9.4,5
482,7.4,0.49,0.19,3,0.077,16,37,0.9966,3.37,0.51,10.5,5
348,7.7,0.96,0.2,2,0.047,15,60,0.9955,3.36,0.44,10.9,5
117,7.6,0.95,0.03,2,0.09,7,20,0.9959,3.2,0.56,9.6,5
241,9.9,0.59,0.07,3.4,0.102,32,71,1.00015,3.31,0.71,9.8,5
613,7.4,0.61,0.01,2,0.074,13,38,0.99748,3.48,0.65,9.8,5
1182,7.3,0.585,0.18,2.4,0.078,15,60,0.99638,3.31,0.54,9.8,5
309,7.7,0.665,0,2.4,0.09,8,19,0.9974,3.27,0.73,9.3,5
89,5.6,0.5,0.09,2.3,0.049,17,99,0.9937,3.63,0.63,13,5
7,7.9,0.43,0.21,1.6,0.106,10,37,0.9966,3.17,0.91,9.5,5
775,9.4,0.4,0.47,2.5,0.087,6,20,0.99772,3.15,0.5,10.5,5
1040,9.2,0.54,0.31,2.3,0.112,11,38,0.99699,3.24,0.56,10.9,5
927,7.4,0.55,0.19,1.8,0.082,15,34,0.99655,3.49,0.68,10.5,5
505,7.9,0.72,0.01,1.9,0.076,7,32,0.99668,3.39,0.54,9.6,5
63,7.3,0.67,0.26,1.8,0.401,16,51,0.9969,3.16,1.14,9.4,5
1248,7,0.56,0.13,1.6,0.077,25,42,0.99629,3.34,0.59,9.2,5
534,8,0.42,0.32,2.5,0.08,26,122,0.99801,3.22,1.07,9.7,5
730,7.1,0.43,0.17,1.8,0.082,27,51,0.99634,3.49,0.64,10.4,5
508,9.5,0.57,0.27,2.3,0.082,23,144,0.99782,3.27,0.55,9.4,5
112,7.1,0.43,0.42,5.5,0.071,28,128,0.9973,3.42,0.71,10.5,5
659,12.2,0.45,0.49,1.4,0.075,3,6,0.9969,3.13,0.63,10.4,5
60,6.2,0.45,0.2,1.6,0.069,3,15,0.9958,3.41,0.56,9.2,5
647,8.5,0.66,0.2,2.1,0.097,23,113,0.99733,3.13,0.48,9.2,5
1173,7.7,0.54,0.26,1.9,0.089,23,147,0.99636,3.26,0.59,9.7,5
1236,6.6,0.88,0.04,2.2,0.066,12,20,0.99636,3.53,0.56,9.9,5
1150,10,0.69,0.11,1.4,0.084,8,24,0.99578,2.88,0.47,9.7,5
378,7,0.23,0.4,1.6,0.063,21,67,0.9952,3.5,0.63,11.1,5
657,8.4,0.59,0.29,2.6,0.109,31,119,0.99801,3.15,0.5,9.1,5
173,8.7,0.625,0.16,2,0.101,13,49,0.9962,3.14,0.57,11,5
610,6.6,0.61,0.01,1.9,0.08,8,25,0.99746,3.69,0.73,10.5,5
284,10.3,0.44,0.5,4.5,0.107,5,13,0.998,3.28,0.83,11.5,5
33,8.6,0.38,0.36,3,0.081,30,119,0.997,3.2,0.56,9.4,5
509,7.9,0.4,0.29,1.8,0.157,1,44,0.9973,3.3,0.92,9.5,6
780,8.4,0.34,0.42,2.1,0.072,23,36,0.99392,3.11,0.78,12.4,6
265,10.3,0.43,0.44,2.4,0.214,5,12,0.9994,3.19,0.63,9.5,6
287,10.2,0.36,0.64,2.9,0.122,10,41,0.998,3.23,0.66,12.5,6
995,7.5,0.63,0.27,2,0.083,17,91,0.99616,3.26,0.58,9.8,6
802,6.3,0.47,0,1.4,0.055,27,33,0.9922,3.45,0.48,12.3,6
865,7,0.43,0.3,2,0.085,6,39,0.99346,3.33,0.46,11.9,6
400,12.4,0.4,0.51,2,0.059,6,24,0.9994,3.04,0.6,9.3,6
743,10.2,0.29,0.65,2.4,0.075,6,17,0.99565,3.22,0.63,11.8,6
922,9,0.4,0.41,2,0.058,15,40,0.99414,3.22,0.6,12.2,6
1125,7.4,0.785,0.19,5.2,0.094,19,98,0.99713,3.16,0.52,9.6,6
782,6.1,0.48,0.09,1.7,0.078,18,30,0.99402,3.45,0.54,11.2,6
756,9.9,0.32,0.56,2,0.073,3,8,0.99534,3.15,0.73,11.4,6
134,7.5,0.52,0.42,2.3,0.087,8,38,0.9972,3.58,0.61,10.5,6
903,10.5,0.36,0.47,2.2,0.074,9,23,0.99638,3.23,0.76,12,6
1272,6.3,0.51,0.13,2.3,0.076,29,40,0.99574,3.42,0.75,11,6
403,12.7,0.59,0.45,2.3,0.082,11,22,1,3,0.7,9.3,6
409,8.3,0.6,0.13,2.6,0.085,6,24,0.9984,3.31,0.59,9.2,6
199,7.7,0.58,0.1,1.8,0.102,28,109,0.99565,3.08,0.49,9.8,6
1208,7.9,0.29,0.49,2.2,0.096,21,59,0.99714,3.31,0.67,10.1,6
876,7.9,0.58,0.23,2.3,0.076,23,94,0.99686,3.21,0.58,9.5,6
879,7.9,0.58,0.23,2.3,0.076,23,94,0.99686,3.21,0.58,9.5,6
1200,6.5,0.53,0.06,2,0.063,29,44,0.99489,3.38,0.83,10.3,6
274,9.6,0.77,0.12,2.9,0.082,30,74,0.99865,3.3,0.64,10.4,6
360,8,0.67,0.3,2,0.06,38,62,0.9958,3.26,0.56,10.2,6
269,9,0.46,0.31,2.8,0.093,19,98,0.99815,3.32,0.63,9.5,6
1186,6.8,0.81,0.05,2,0.07,6,14,0.99562,3.51,0.66,10.8,6
841,8.8,0.45,0.43,1.4,0.076,12,21,0.99551,3.21,0.75,10.2,6
421,11.5,0.31,0.51,2.2,0.079,14,28,0.9982,3.03,0.93,9.8,6
1020,7.5,0.51,0.02,1.7,0.084,13,31,0.99538,3.36,0.54,10.5,6
413,6.3,0.36,0.19,3.2,0.075,15,39,0.9956,3.56,0.52,12.7,6
1278,6,0.31,0.47,3.6,0.067,18,42,0.99549,3.39,0.66,11,6
557,7.7,0.715,0.01,2.1,0.064,31,43,0.99371,3.41,0.57,11.8,6
648,9,0.4,0.43,2.4,0.068,29,46,0.9943,3.2,0.6,12.2,6
962,7.9,0.765,0,2,0.084,9,22,0.99619,3.33,0.68,10.9,6
786,8.2,0.23,0.42,1.9,0.069,9,17,0.99376,3.21,0.54,12.3,6
637,9.5,0.37,0.52,2,0.088,12,51,0.99613,3.29,0.58,11.1,6
1086,8.2,0.24,0.34,5.1,0.062,8,22,0.9974,3.22,0.94,10.9,6
351,9.5,0.78,0.22,1.9,0.077,6,32,0.9988,3.26,0.56,10.6,6
1089,6,0.51,0,2.1,0.064,40,54,0.995,3.54,0.93,10.7,6
362,10.4,0.41,0.55,3.2,0.076,22,54,0.9996,3.15,0.89,9.9,6
264,10.3,0.41,0.42,2.4,0.213,6,14,0.9994,3.19,0.62,9.5,6
809,10.5,0.43,0.35,3.3,0.092,24,70,0.99798,3.21,0.69,10.5,6
826,7.8,0.5,0.12,1.8,0.178,6,21,0.996,3.28,0.87,9.8,6
1111,7.6,0.43,0.31,2.1,0.069,13,74,0.9958,3.26,0.54,9.9,6
998,7.5,0.63,0.27,2,0.083,17,91,0.99616,3.26,0.58,9.8,6
119,7.8,0.53,0.04,1.7,0.076,17,31,0.9964,3.33,0.56,10,6
807,6.3,0.76,0,2.9,0.072,26,52,0.99379,3.51,0.6,11.5,6
358,10.4,0.41,0.55,3.2,0.076,22,54,0.9996,3.15,0.89,9.9,6
700,11.3,0.36,0.66,2.4,0.123,3,8,0.99642,3.2,0.53,11.9,6
663,9.1,0.5,0.3,1.9,0.065,8,17,0.99774,3.32,0.71,10.5,6
1006,6.7,0.46,0.24,1.7,0.077,18,34,0.9948,3.39,0.6,10.6,6
815,8,0.25,0.43,1.7,0.067,22,50,0.9946,3.38,0.6,11.9,6
1265,7.2,0.39,0.44,2.6,0.066,22,48,0.99494,3.3,0.84,11.5,6
99,5.2,0.34,0,1.8,0.05,27,63,0.9916,3.68,0.79,14,6
49,8,0.705,0.05,1.9,0.074,8,19,0.9962,3.34,0.95,10.5,6
257,7.5,0.53,0.06,2.6,0.086,20,44,0.9965,3.38,0.59,10.7,6
1207,7.1,0.53,0.07,1.7,0.071,15,24,0.9951,3.29,0.66,10.8,6
645,8.3,0.34,0.4,2.4,0.065,24,48,0.99554,3.34,0.86,11,6
297,12.2,0.34,0.5,2.4,0.066,10,21,1,3.12,1.18,9.2,6
910,7.7,0.18,0.34,2.7,0.066,15,58,0.9947,3.37,0.78,11.8,6
651,10.4,0.26,0.48,1.9,0.066,6,10,0.99724,3.33,0.87,10.9,6
361,11.1,0.45,0.73,3.2,0.066,6,22,0.9986,3.17,0.66,11.2,6
564,8.8,0.61,0.19,4,0.094,30,69,0.99787,3.22,0.5,10,6
321,11.5,0.59,0.59,2.6,0.087,13,49,0.9988,3.18,0.65,11,6
734,8.2,0.64,0.27,2,0.095,5,77,0.99747,3.13,0.62,9.1,6
1234,6.6,0.855,0.02,2.4,0.062,15,23,0.99627,3.54,0.6,11,6
575,7.1,0.59,0.01,2.3,0.08,27,43,0.9955,3.42,0.58,10.7,6
724,6.4,0.39,0.33,3.3,0.046,12,53,0.99294,3.36,0.62,12.2,6
1075,8.6,0.685,0.1,1.6,0.092,3,12,0.99745,3.31,0.65,9.55,6
945,7.2,0.57,0.05,2.3,0.081,16,36,0.99564,3.38,0.6,10.3,6
948,6.9,0.41,0.31,2,0.079,21,51,0.99668,3.47,0.55,9.5,6
1179,6.9,0.74,0.03,2.3,0.054,7,16,0.99508,3.45,0.63,11.5,6
1256,8,0.3,0.63,1.6,0.081,16,29,0.99588,3.3,0.78,10.8,6
125,6.8,0.63,0.07,2.1,0.089,11,44,0.9953,3.47,0.55,10.4,6
763,8.7,0.42,0.45,2.4,0.072,32,59,0.99617,3.33,0.77,12,6
289,8,0.58,0.28,3.2,0.066,21,114,0.9973,3.22,0.54,9.4,6
1051,7.5,0.58,0.56,3.1,0.153,5,14,0.99476,3.21,1.03,11.6,6
1152,7.6,0.35,0.6,2.6,0.073,23,44,0.99656,3.38,0.79,11.1,6
701,11.3,0.36,0.66,2.4,0.123,3,8,0.99642,3.2,0.53,11.9,6
946,7.2,0.57,0.05,2.3,0.081,16,36,0.99564,3.38,0.6,10.3,6
205,7.7,0.53,0.06,1.7,0.074,9,39,0.99615,3.35,0.48,9.8,6
107,7.3,0.33,0.47,2.1,0.077,5,11,0.9958,3.33,0.53,10.3,6
901,10.9,0.32,0.52,1.8,0.132,17,44,0.99734,3.28,0.77,11.5,6
587,6.1,0.56,0,2.2,0.079,6,9,0.9948,3.59,0.54,11.5,6
251,13.3,0.34,0.52,3.2,0.094,17,53,1.0014,3.05,0.81,9.5,6
821,8.2,0.38,0.32,2.5,0.08,24,71,0.99624,3.27,0.85,11,6
1255,7.5,0.52,0.4,2.2,0.06,12,20,0.99474,3.26,0.64,11.8,6
1223,11.1,0.44,0.42,2.2,0.064,14,19,0.99758,3.25,0.57,10.4,6
15,7.8,0.645,0,5.5,0.086,5,18,0.9986,3.4,0.55,9.6,6
719,8.9,0.5,0.21,2.2,0.088,21,39,0.99692,3.33,0.83,11.1,6
1175,7,0.43,0.02,1.9,0.08,15,28,0.99492,3.35,0.81,10.6,6
1217,5.4,0.58,0.08,1.9,0.059,20,31,0.99484,3.5,0.64,10.2,6
938,6.8,0.64,0,2.7,0.123,15,33,0.99538,3.44,0.63,11.3,6
516,7,0.57,0,2,0.19,12,45,0.99676,3.31,0.6,9.4,6
390,10.3,0.5,0.42,2,0.069,21,51,0.9982,3.16,0.72,11.5,6
177,7.8,0.34,0.37,2,0.082,24,58,0.9964,3.34,0.59,9.4,6
233,6.9,0.54,0.04,3,0.077,7,27,0.9987,3.69,0.91,9.4,6
955,8,0.715,0.22,2.3,0.075,13,81,0.99688,3.24,0.54,9.5,6
1254,5.6,0.31,0.78,13.9,0.074,23,92,0.99677,3.39,0.48,10.5,6
708,7.2,0.34,0.21,2.5,0.075,41,68,0.99586,3.37,0.54,10.1,6
698,8,0.18,0.37,0.9,0.049,36,109,0.99007,2.89,0.44,12.7,6
501,9.2,0.67,0.1,3,0.091,12,48,0.99888,3.31,0.54,9.5,6
615,8.8,0.3,0.38,2.3,0.06,19,72,0.99543,3.39,0.72,11.8,6
527,5.9,0.61,0.08,2.1,0.071,16,24,0.99376,3.56,0.77,11.1,6
1169,6.2,0.57,0.1,2.1,0.048,4,11,0.99448,3.44,0.76,10.8,6
471,7,0.65,0.02,2.1,0.066,8,25,0.9972,3.47,0.67,9.5,6
790,8.3,0.53,0,1.4,0.07,6,14,0.99593,3.25,0.64,10,6
1058,7.2,0.45,0.15,2,0.078,10,28,0.99609,3.29,0.51,9.9,6
154,11.5,0.3,0.6,2,0.067,12,27,0.9981,3.11,0.97,10.1,6
225,6.9,0.54,0.04,3,0.077,7,27,0.9987,3.69,0.91,9.4,6
801,6.6,0.5,0,1.8,0.062,21,28,0.99352,3.44,0.55,12.3,6
1044,7.2,0.605,0.02,1.9,0.096,10,31,0.995,3.46,0.53,11.8,6
198,12,0.38,0.56,2.1,0.093,6,24,0.99925,3.14,0.71,10.9,6
227,7.9,0.545,0.06,4,0.087,27,61,0.9965,3.36,0.67,10.7,6
1258,6.8,0.67,0.15,1.8,0.118,13,20,0.9954,3.42,0.67,11.3,6
105,6.9,0.49,0.1,2.3,0.074,12,30,0.9959,3.42,0.58,10.2,6
1010,7.4,0.6,0.26,2.1,0.083,17,91,0.99616,3.29,0.56,9.8,6
781,7.4,0.49,0.27,2.1,0.071,14,25,0.99388,3.35,0.63,12,6
4,6.9,0.4,0.14,2.4,0.085,21,40,0.9968,3.43,0.63,9.7,6
1222,6.7,0.855,0.02,1.9,0.064,29,38,0.99472,3.3,0.56,10.75,6
595,8.6,0.315,0.4,2.2,0.079,3,6,0.99512,3.27,0.67,11.9,6
1019,7.5,0.51,0.02,1.7,0.084,13,31,0.99538,3.36,0.54,10.5,6
1022,7.6,0.54,0.02,1.7,0.085,17,31,0.99589,3.37,0.51,10.4,6
1112,5.9,0.44,0,1.6,0.042,3,11,0.9944,3.48,0.85,11.7,6
828,7.8,0.39,0.42,2,0.086,9,21,0.99526,3.39,0.66,11.6,6
803,10.7,0.4,0.37,1.9,0.081,17,29,0.99674,3.12,0.65,11.2,6
721,6.9,0.49,0.19,1.7,0.079,13,26,0.99547,3.38,0.64,9.8,6
1143,6.9,0.63,0.01,2.4,0.076,14,39,0.99522,3.34,0.53,10.8,6
398,10.5,0.28,0.51,1.7,0.08,10,24,0.9982,3.2,0.89,9.4,6
706,7.9,0.31,0.32,1.9,0.066,14,36,0.99364,3.41,0.56,12.6,6
1105,8.3,0.26,0.37,1.4,0.076,8,23,0.9974,3.26,0.7,9.6,6
1007,6.7,0.46,0.24,1.7,0.077,18,34,0.9948,3.39,0.6,10.6,6
50,7.7,0.63,0.08,1.9,0.076,15,27,0.9967,3.32,0.54,9.5,6
669,9.7,0.295,0.4,1.5,0.073,14,21,0.99556,3.14,0.51,10.9,6
1114,10.2,0.54,0.37,15.4,0.214,55,95,1.00369,3.18,0.77,9,6
411,8.8,0.48,0.41,3.3,0.092,26,52,0.9982,3.31,0.53,10.5,6
810,9.1,0.6,0,1.9,0.058,5,10,0.9977,3.18,0.63,10.4,6
1059,7.5,0.57,0.02,2.6,0.077,11,35,0.99557,3.36,0.62,10.8,6
374,11.9,0.39,0.69,2.8,0.095,17,35,0.9994,3.1,0.61,10.8,6
250,6.9,0.36,0.25,2.4,0.098,5,16,0.9964,3.41,0.6,10.1,6
301,11.9,0.57,0.5,2.6,0.082,6,32,1.0006,3.12,0.78,10.7,6
1091,6.4,0.47,0.4,2.4,0.071,8,19,0.9963,3.56,0.73,10.6,6
211,7.1,0.6,0,1.8,0.074,16,34,0.9972,3.47,0.7,9.9,6
997,9.9,0.44,0.46,2.2,0.091,10,41,0.99638,3.18,0.69,11.9,6
234,11.5,0.18,0.51,4,0.104,4,23,0.9996,3.28,0.97,10.1,6
892,6.8,0.65,0.02,2.1,0.078,8,15,0.99498,3.35,0.62,10.4,6
852,9.7,0.42,0.46,2.1,0.074,5,16,0.99649,3.27,0.74,12.3,6
11,6.9,0.685,0,2.5,0.105,22,37,0.9966,3.46,0.57,10.6,6
1124,7.3,0.67,0.02,2.2,0.072,31,92,0.99566,3.32,0.68,11.1,6
1037,7.3,0.43,0.24,2.5,0.078,27,67,0.99648,3.6,0.59,11.1,6
288,10.2,0.36,0.64,2.9,0.122,10,41,0.998,3.23,0.66,12.5,6
280,10.3,0.59,0.42,2.8,0.09,35,73,0.999,3.28,0.7,9.5,6
276,9.6,0.77,0.12,2.9,0.082,30,74,0.99865,3.3,0.64,10.4,6
951,7.3,0.44,0.2,1.6,0.049,24,64,0.9935,3.38,0.57,11.7,6
1104,8.3,0.26,0.37,1.4,0.076,8,23,0.9974,3.26,0.7,9.6,6
784,8,0.48,0.34,2.2,0.073,16,25,0.9936,3.28,0.66,12.4,6
753,8,0.62,0.33,2.7,0.088,16,37,0.9972,3.31,0.58,10.7,6
1031,7.2,0.62,0.01,2.3,0.065,8,46,0.99332,3.32,0.51,11.8,6
451,10.8,0.4,0.41,2.2,0.084,7,17,0.9984,3.08,0.67,9.3,6
1115,10.2,0.54,0.37,15.4,0.214,55,95,1.00369,3.18,0.77,9,6
311,6.1,0.21,0.4,1.4,0.066,40.5,165,0.9912,3.25,0.59,11.9,6
825,8.2,0.2,0.43,2.5,0.076,31,51,0.99672,3.53,0.81,10.4,6
365,11.9,0.4,0.65,2.15,0.068,7,27,0.9988,3.06,0.68,11.3,6
195,7.2,0.63,0,1.9,0.097,14,38,0.99675,3.37,0.58,9,6
665,7.4,0.58,0,2,0.064,7,11,0.99562,3.45,0.58,11.3,6
675,7.7,0.6,0.06,2,0.079,19,41,0.99697,3.39,0.62,10.1,6
890,6.8,0.65,0.02,2.1,0.078,8,15,0.99498,3.35,0.62,10.4,6
1084,8,0.5,0.39,2.6,0.082,12,46,0.9985,3.43,0.62,10.7,6
191,8.2,1,0.09,2.3,0.065,7,37,0.99685,3.32,0.55,9,6
603,6.8,0.41,0.31,8.8,0.084,26,45,0.99824,3.38,0.64,10.1,6
32,6.6,0.5,0.04,2.1,0.068,6,14,0.9955,3.39,0.64,9.4,6
550,7.7,0.715,0.01,2.1,0.064,31,43,0.99371,3.41,0.57,11.8,6
590,9.3,0.38,0.48,3.8,0.132,3,11,0.99577,3.23,0.57,13.2,6
1090,6.6,0.96,0,1.8,0.082,5,16,0.9936,3.5,0.44,11.9,6
958,8,0.715,0.22,2.3,0.075,13,81,0.99688,3.24,0.54,9.5,6
1070,6,0.49,0,2.3,0.068,15,33,0.99292,3.58,0.59,12.5,6
293,8.9,0.43,0.45,1.9,0.052,6,16,0.9948,3.35,0.7,12.5,6
722,8.9,0.5,0.21,2.2,0.088,21,39,0.99692,3.33,0.83,11.1,6
982,9.1,0.37,0.32,2.1,0.064,4,15,0.99576,3.3,0.8,11.2,6
192,7.2,0.63,0,1.9,0.097,14,38,0.99675,3.37,0.58,9,6
506,7.1,0.59,0.02,2.3,0.082,24,94,0.99744,3.55,0.53,9.7,6
991,6.5,0.51,0.15,3,0.064,12,27,0.9929,3.33,0.59,12.8,6
859,8.2,0.35,0.33,2.4,0.076,11,47,0.99599,3.27,0.81,11,6
783,7.4,0.49,0.27,2.1,0.071,14,25,0.99388,3.35,0.63,12,6
928,6.9,0.41,0.33,2.2,0.081,22,36,0.9949,3.41,0.75,11.1,6
960,7.1,0.46,0.2,1.9,0.077,28,54,0.9956,3.37,0.64,10.4,6
500,9.1,0.68,0.11,2.8,0.093,11,44,0.99888,3.31,0.55,9.5,6
867,7,0.43,0.3,2,0.085,6,39,0.99346,3.33,0.46,11.9,6
1042,11.6,0.475,0.4,1.4,0.091,6,28,0.99704,3.07,0.65,10.03333333,6
180,8.6,0.645,0.25,2,0.083,8,28,0.99815,3.28,0.6,10,6
977,7.2,0.53,0.14,2.1,0.064,15,29,0.99323,3.35,0.61,12.1,6
1140,6.4,0.42,0.09,2.3,0.054,34,64,0.99724,3.41,0.68,10.4,6
188,8,0.38,0.06,1.8,0.078,12,49,0.99625,3.37,0.52,9.9,6
643,8.8,0.27,0.39,2,0.1,20,27,0.99546,3.15,0.69,11.2,6
513,6.9,0.635,0.17,2.4,0.241,6,18,0.9961,3.4,0.59,10.3,6
606,9.4,0.24,0.33,2.3,0.061,52,73,0.99786,3.47,0.9,10.2,6
849,7.6,0.5,0.29,2.3,0.086,5,14,0.99502,3.32,0.62,11.5,6
1135,6.5,0.9,0,1.6,0.052,9,17,0.99467,3.5,0.63,10.9,6
898,8.2,0.4,0.31,1.9,0.082,8,24,0.996,3.24,0.69,10.6,6
402,8.5,0.585,0.18,2.1,0.078,5,30,0.9967,3.2,0.48,9.8,6
999,9.1,0.76,0.68,1.7,0.414,18,64,0.99652,2.9,1.33,9.1,6
510,7.9,0.4,0.3,1.8,0.157,2,45,0.99727,3.31,0.91,9.5,6
853,7.6,0.36,0.31,1.7,0.079,26,65,0.99716,3.46,0.62,9.5,6
322,11.5,0.59,0.59,2.6,0.087,13,49,0.9988,3.18,0.65,11,6
875,6.2,0.43,0.22,1.8,0.078,21,56,0.99633,3.52,0.6,9.5,6
1275,5.9,0.55,0.1,2.2,0.062,39,51,0.99512,3.52,0.76,11.2,6
0,8.9,0.22,0.48,1.8,0.077,29,60,0.9968,3.39,0.53,9.4,6
729,9.3,0.5,0.36,1.8,0.084,6,17,0.99704,3.27,0.77,10.8,6
978,5.7,0.6,0,1.4,0.063,11,18,0.99191,3.45,0.56,12.2,6
1232,6.3,0.68,0.01,3.7,0.103,32,54,0.99586,3.51,0.66,11.3,6
599,8.4,0.62,0.12,1.8,0.072,38,46,0.99504,3.38,0.89,11.8,6
694,8,0.58,0.16,2,0.12,3,7,0.99454,3.22,0.58,11.2,6
1187,7.5,0.38,0.57,2.3,0.106,5,12,0.99605,3.36,0.55,11.4,6
1190,6.4,0.36,0.21,2.2,0.047,26,48,0.99661,3.47,0.77,9.7,6
1082,7.6,0.3,0.42,2,0.052,6,24,0.9963,3.44,0.82,11.9,6
1039,11.6,0.475,0.4,1.4,0.091,6,28,0.99704,3.07,0.65,10.03333333,6
475,10.6,1.02,0.43,2.9,0.076,26,88,0.9984,3.08,0.57,10.1,6
862,10.2,0.4,0.4,2.5,0.068,41,54,0.99754,3.38,0.86,10.5,6
1134,11.7,0.45,0.63,2.2,0.073,7,23,0.99974,3.21,0.69,10.9,6
1188,7.1,0.27,0.6,2.1,0.074,17,25,0.99814,3.38,0.72,10.6,6
1001,5,0.74,0,1.2,0.041,16,46,0.99258,4.01,0.59,12.5,6
388,11.5,0.315,0.54,2.1,0.084,5,15,0.9987,2.98,0.7,9.2,6
334,9,0.43,0.34,2.5,0.08,26,86,0.9987,3.38,0.62,9.5,6
1079,7.2,0.67,0,2.2,0.068,10,24,0.9956,3.42,0.72,11.1,6
1246,6.7,0.16,0.64,2.1,0.059,24,52,0.99494,3.34,0.71,11.2,6
116,6.8,0.6,0.18,1.9,0.079,18,86,0.9968,3.59,0.57,9.3,6
418,9.2,0.755,0.18,2.2,0.148,10,103,0.9969,2.87,1.36,10.2,6
535,9.3,0.36,0.39,1.5,0.08,41,55,0.99652,3.47,0.73,10.9,6
1009,7.4,0.6,0.26,2.1,0.083,17,91,0.99616,3.29,0.56,9.8,6
568,6.8,0.57,0,2.5,0.072,32,64,0.99491,3.43,0.56,11.2,6
691,8.9,0.32,0.31,2,0.088,12,19,0.9957,3.17,0.55,10.4,6
325,7.7,0.26,0.3,1.7,0.059,20,38,0.9949,3.29,0.47,10.8,6
597,6.8,0.41,0.31,8.8,0.084,26,45,0.99824,3.38,0.64,10.1,6
954,7.8,0.58,0.13,2.1,0.102,17,36,0.9944,3.24,0.53,11.2,6
285,13.4,0.27,0.62,2.6,0.082,6,21,1.0002,3.16,0.67,9.7,6
771,7.9,0.34,0.42,2,0.086,8,19,0.99546,3.35,0.6,11.4,6
822,6.9,0.45,0.11,2.4,0.043,6,12,0.99354,3.3,0.65,11.4,6
1092,8.2,0.24,0.34,5.1,0.062,8,22,0.9974,3.22,0.94,10.9,6
129,8,0.42,0.17,2,0.073,6,18,0.9972,3.29,0.61,9.2,6
679,6.4,0.69,0,1.65,0.055,7,12,0.99162,3.47,0.53,12.9,6
1237,6.6,0.855,0.02,2.4,0.062,15,23,0.99627,3.54,0.6,11,6
498,8.8,0.7,0,1.7,0.069,8,19,0.99701,3.31,0.53,10,6
877,7.7,0.57,0.21,1.5,0.069,4,9,0.99458,3.16,0.54,9.8,6
833,9.6,0.42,0.35,2.1,0.083,17,38,0.99622,3.23,0.66,11.1,6
226,11.5,0.18,0.51,4,0.104,4,23,0.9996,3.28,0.97,10.1,6
592,10,0.46,0.44,2.9,0.065,4,8,0.99674,3.33,0.62,12.2,6
870,9.1,0.4,0.57,4.6,0.08,6,20,0.99652,3.28,0.57,12.5,6
490,7.2,0.49,0.18,2.7,0.069,13,34,0.9967,3.29,0.48,9.2,6
796,7,0.69,0.07,2.5,0.091,15,21,0.99572,3.38,0.6,11.3,6
375,8.4,0.37,0.53,1.8,0.413,9,26,0.9979,3.06,1.06,9.1,6
75,8.8,0.55,0.04,2.2,0.119,14,56,0.9962,3.21,0.6,10.9,6
1260,7.4,0.35,0.33,2.4,0.068,9,26,0.9947,3.36,0.6,11.9,6
384,9.2,0.43,0.52,2.3,0.083,14,23,0.9976,3.35,0.61,11.3,6
1209,7.1,0.69,0.08,2.1,0.063,42,52,0.99608,3.42,0.6,10.2,6
1212,7.2,0.53,0.13,2,0.058,18,22,0.99573,3.21,0.68,9.9,6
74,7.8,0.56,0.12,2,0.082,7,28,0.997,3.37,0.5,9.4,6
392,11.4,0.36,0.69,2.1,0.09,6,21,1,3.17,0.62,9.2,6
183,8.9,0.59,0.5,2,0.337,27,81,0.9964,3.04,1.61,9.5,6
449,10.8,0.4,0.41,2.2,0.084,7,17,0.9984,3.08,0.67,9.3,6
549,7.6,0.63,0.03,2,0.08,27,43,0.99578,3.44,0.64,10.9,6
470,5.1,0.47,0.02,1.3,0.034,18,44,0.9921,3.9,0.62,12.8,6
660,9.1,0.5,0.3,1.9,0.065,8,17,0.99774,3.32,0.71,10.5,6
855,6.5,0.61,0,2.2,0.095,48,59,0.99541,3.61,0.7,11.5,6
831,6.1,0.58,0.23,2.5,0.044,16,70,0.99352,3.46,0.65,12.5,6
939,6.8,0.64,0,2.7,0.123,15,33,0.99538,3.44,0.63,11.3,6
634,7.6,0.43,0.4,2.7,0.082,6,11,0.99538,3.44,0.54,12.2,6
1170,7.1,0.22,0.49,1.8,0.039,8,18,0.99344,3.39,0.56,12.4,6
13,6.9,0.605,0.12,10.7,0.073,40,83,0.9993,3.45,0.52,9.4,6
897,8.2,0.34,0.37,1.9,0.057,43,74,0.99408,3.23,0.81,12,6
91,7.9,1.04,0.05,2.2,0.084,13,29,0.9959,3.22,0.55,9.9,6
373,11.9,0.39,0.69,2.8,0.095,17,35,0.9994,3.1,0.61,10.8,6
1251,6.4,0.38,0.14,2.2,0.038,15,25,0.99514,3.44,0.65,11.1,6
703,8.2,0.32,0.42,2.3,0.098,3,9,0.99506,3.27,0.55,12.3,6
16,7.8,0.6,0.14,2.4,0.086,3,15,0.9975,3.42,0.6,10.8,6
816,10.4,0.52,0.45,2,0.08,6,13,0.99774,3.22,0.76,11.4,6
304,13.8,0.49,0.67,3,0.093,6,15,0.9986,3.02,0.93,12,6
101,5.2,0.34,0,1.8,0.05,27,63,0.9916,3.68,0.79,14,6
740,11.6,0.23,0.57,1.8,0.074,3,8,0.9981,3.14,0.7,9.9,6
407,13.2,0.46,0.52,2.2,0.071,12,35,1.0006,3.1,0.56,9,6
793,8.9,0.24,0.39,1.6,0.074,3,10,0.99698,3.12,0.59,9.5,6
148,6.4,0.37,0.25,1.9,0.074,21,49,0.9974,3.57,0.62,9.8,6
1215,7,0.55,0.13,2.2,0.075,15,35,0.9959,3.36,0.59,9.7,6
752,7.2,0.35,0.26,1.8,0.083,33,75,0.9968,3.4,0.58,9.5,6
893,9.6,0.38,0.42,1.9,0.071,5,13,0.99659,3.15,0.75,10.5,6
106,8.2,0.4,0.44,2.8,0.089,11,43,0.9975,3.53,0.61,10.5,6
714,8.9,0.745,0.18,2.5,0.077,15,48,0.99739,3.2,0.47,9.7,6
572,10.1,0.45,0.23,1.9,0.082,10,18,0.99774,3.22,0.65,9.3,6
281,10,0.49,0.2,11,0.071,13,50,1.0015,3.16,0.69,9.2,6
937,7,0.58,0.28,4.8,0.085,12,69,0.99633,3.32,0.7,11,6
1195,6.9,0.84,0.21,4.1,0.074,16,65,0.99842,3.53,0.72,9.25,6
895,8.8,0.27,0.46,2.1,0.095,20,29,0.99488,3.26,0.56,11.3,6
1197,6.5,0.53,0.06,2,0.063,29,44,0.99489,3.38,0.83,10.3,6
854,7.6,0.36,0.31,1.7,0.079,26,65,0.99716,3.46,0.62,9.5,6
829,10,0.35,0.47,2,0.061,6,11,0.99585,3.23,0.52,12,6
695,10.5,0.39,0.46,2.2,0.075,14,27,0.99598,3.06,0.84,11.4,6
1271,5.4,0.74,0.09,1.7,0.089,16,26,0.99402,3.67,0.56,11.6,6
141,6.7,0.62,0.21,1.9,0.079,8,62,0.997,3.52,0.58,9.3,6
268,7.9,0.53,0.24,2,0.072,15,105,0.996,3.27,0.54,9.4,6
350,6.4,0.67,0.08,2.1,0.045,19,48,0.9949,3.49,0.49,11.4,6
1025,8.2,0.44,0.24,2.3,0.063,10,28,0.99613,3.25,0.53,10.2,6
1268,7.2,0.66,0.33,2.5,0.068,34,102,0.99414,3.27,0.78,12.8,6
329,8.7,0.31,0.46,1.4,0.059,11,25,0.9966,3.36,0.76,10.1,6
1087,6,0.51,0,2.1,0.064,40,54,0.995,3.54,0.93,10.7,6
894,10.2,0.33,0.46,1.9,0.081,6,9,0.99628,3.1,0.48,10.4,6
930,7.1,0.6,0.01,2.3,0.079,24,37,0.99514,3.4,0.61,10.9,6
39,7.3,0.39,0.31,2.4,0.074,9,46,0.9962,3.41,0.54,9.4,6
356,11.9,0.37,0.69,2.3,0.078,12,24,0.9958,3,0.65,12.8,6
697,8,0.18,0.37,0.9,0.049,36,109,0.99007,2.89,0.44,12.7,6
529,5.9,0.61,0.08,2.1,0.071,16,24,0.99376,3.56,0.77,11.1,6
725,6.9,0.44,0,1.4,0.07,32,38,0.99438,3.32,0.58,11.4,6
306,9.1,0.785,0,2.6,0.093,11,28,0.9994,3.36,0.86,9.4,6
616,8.8,0.3,0.38,2.3,0.06,19,72,0.99543,3.39,0.72,11.8,6
916,7.8,0.55,0,1.7,0.07,7,17,0.99659,3.26,0.64,9.4,6
376,6.8,0.56,0.03,1.7,0.084,18,35,0.9968,3.44,0.63,10,6
308,9.1,0.795,0,2.6,0.096,11,26,0.9994,3.35,0.83,9.4,6
874,7,0.745,0.12,1.8,0.114,15,64,0.99588,3.22,0.59,9.5,6
57,6.8,0.785,0,2.4,0.104,14,30,0.9966,3.52,0.55,10.7,6
558,8.8,0.61,0.19,4,0.094,30,69,0.99787,3.22,0.5,10,6
1015,6.6,0.58,0.02,2.4,0.069,19,40,0.99387,3.38,0.66,12.6,6
1136,6,0.54,0.06,1.8,0.05,38,89,0.99236,3.3,0.5,10.55,6
90,6.6,0.5,0.01,1.5,0.06,17,26,0.9952,3.4,0.58,9.8,6
848,6.5,0.34,0.27,2.8,0.067,8,44,0.99384,3.21,0.56,12,6
760,10.3,0.27,0.56,1.4,0.047,3,8,0.99471,3.16,0.51,11.8,6
880,7.7,0.57,0.21,1.5,0.069,4,9,0.99458,3.16,0.54,9.8,6
396,12.5,0.37,0.55,2.6,0.083,25,68,0.9995,3.15,0.82,10.4,6
776,6.6,0.725,0.09,5.5,0.117,9,17,0.99655,3.35,0.49,10.8,6
1249,6.2,0.51,0.14,1.9,0.056,15,34,0.99396,3.48,0.57,11.5,6
130,7.4,0.62,0.05,1.9,0.068,24,42,0.9961,3.42,0.57,11.5,6
713,7.5,0.57,0.08,2.6,0.089,14,27,0.99592,3.3,0.59,10.4,6
1204,6,0.42,0.19,2,0.075,22,47,0.99522,3.39,0.78,10,6
272,7.1,0.35,0.29,2.5,0.096,20,53,0.9962,3.42,0.65,11,6
974,8.2,0.635,0.1,2.1,0.073,25,60,0.99638,3.29,0.75,10.9,6
1142,6.8,0.64,0.03,2.3,0.075,14,31,0.99545,3.36,0.58,10.4,6
561,7.6,0.715,0,2.1,0.068,30,35,0.99533,3.48,0.65,11.4,6
594,7.3,0.305,0.39,1.2,0.059,7,11,0.99331,3.29,0.52,11.5,6
161,7,0.43,0.36,1.6,0.089,14,37,0.99615,3.34,0.56,9.2,6
1184,7.5,0.38,0.57,2.3,0.106,5,12,0.99605,3.36,0.55,11.4,6
299,10.9,0.39,0.47,1.8,0.118,6,14,0.9982,3.3,0.75,9.8,6
914,7.1,0.75,0.01,2.2,0.059,11,18,0.99242,3.39,0.4,12.8,6
1183,6.2,0.44,0.39,2.5,0.077,6,14,0.99555,3.51,0.69,11,6
1047,6.9,0.54,0.3,2.2,0.088,9,105,0.99725,3.25,1.18,10.5,6
798,7.1,0.39,0.12,2.1,0.065,14,24,0.99252,3.3,0.53,13.3,6
672,6.5,0.4,0.1,2,0.076,30,47,0.99554,3.36,0.48,9.4,6
169,11.6,0.44,0.64,2.1,0.059,5,15,0.998,3.21,0.67,10.2,6
1057,5.2,0.49,0.26,2.3,0.09,23,74,0.9953,3.71,0.62,12.2,6
1250,6.4,0.36,0.53,2.2,0.23,19,35,0.9934,3.37,0.93,12.4,6
1267,5.8,0.61,0.11,1.8,0.066,18,28,0.99483,3.55,0.66,10.9,6
70,10.1,0.31,0.44,2.3,0.08,22,46,0.9988,3.32,0.67,9.7,6
483,7.8,0.545,0.12,2.5,0.068,11,35,0.996,3.34,0.61,11.6,6
787,9.1,0.3,0.41,2,0.068,10,24,0.99523,3.27,0.85,11.7,7
303,6.6,0.815,0.02,2.7,0.072,17,34,0.9955,3.58,0.89,12.3,7
584,6.8,0.59,0.06,6,0.06,11,18,0.9962,3.41,0.59,10.8,7
710,7.1,0.59,0,2.1,0.091,9,14,0.99488,3.42,0.55,11.5,7
638,6.4,0.57,0.12,2.3,0.12,25,36,0.99519,3.47,0.71,11.3,7
1003,9.1,0.36,0.39,1.8,0.06,21,55,0.99495,3.18,0.82,11,7
1264,6.7,0.32,0.44,2.4,0.061,24,34,0.99484,3.29,0.8,11.6,7
200,15,0.21,0.44,2.2,0.075,10,24,1.00005,3.07,0.84,9.2,7
582,7.4,0.635,0.1,2.4,0.08,16,33,0.99736,3.58,0.69,10.8,7
42,7.5,0.52,0.16,1.9,0.085,12,35,0.9968,3.38,0.62,9.5,7
768,11.6,0.41,0.54,1.5,0.095,22,41,0.99735,3.02,0.76,9.9,7
555,8.8,0.31,0.4,2.8,0.109,7,16,0.99614,3.31,0.79,11.8,7
682,9.1,0.29,0.33,2.05,0.063,13,27,0.99516,3.26,0.84,11.7,7
581,7.4,0.635,0.1,2.4,0.08,16,33,0.99736,3.58,0.69,10.8,7
1221,7.4,0.25,0.29,2.2,0.054,19,49,0.99666,3.4,0.76,10.9,7
275,9.8,0.66,0.39,3.2,0.083,21,59,0.9989,3.37,0.71,11.5,7
652,10.1,0.38,0.5,2.4,0.104,6,13,0.99643,3.22,0.65,11.6,7
314,10.5,0.42,0.66,2.95,0.116,12,29,0.997,3.24,0.75,11.7,7
814,8.5,0.28,0.35,1.7,0.061,6,15,0.99524,3.3,0.74,11.8,7
623,9.8,0.5,0.34,2.3,0.094,10,45,0.99864,3.24,0.6,9.7,7
85,8,0.59,0.16,1.8,0.065,3,16,0.9962,3.42,0.92,10.5,7
723,9.5,0.39,0.41,8.9,0.069,18,39,0.99859,3.29,0.81,10.9,7
881,7.9,0.34,0.36,1.9,0.065,5,10,0.99419,3.27,0.54,11.2,7
1146,7.3,0.48,0.32,2.1,0.062,31,54,0.99728,3.3,0.65,10,7
711,7.3,0.55,0.01,1.8,0.093,9,15,0.99514,3.35,0.58,11,7
755,9.1,0.25,0.34,2,0.071,45,67,0.99769,3.44,0.86,10.2,7
686,9.1,0.29,0.33,2.05,0.063,13,27,0.99516,3.26,0.84,11.7,7
238,7.7,0.27,0.68,3.5,0.358,5,10,0.9972,3.25,1.08,9.9,7
658,7,0.4,0.32,3.6,0.061,9,29,0.99416,3.28,0.49,11.3,7
627,8.3,0.28,0.48,2.1,0.093,6,12,0.99408,3.26,0.62,12.4,7
704,7.7,0.58,0.01,1.8,0.088,12,18,0.99568,3.32,0.56,10.5,7
1132,6.6,0.58,0.02,2,0.062,37,53,0.99374,3.35,0.76,11.6,7
628,8.9,0.12,0.45,1.8,0.075,10,21,0.99552,3.41,0.76,11.9,7
331,12,0.39,0.66,3,0.093,12,30,0.9996,3.18,0.63,10.8,7
620,9.6,0.33,0.52,2.2,0.074,13,25,0.99509,3.36,0.76,12.4,7
17,8.1,0.38,0.28,2.1,0.066,13,30,0.9968,3.23,0.73,9.7,7
537,7.6,0.735,0.02,2.5,0.071,10,14,0.99538,3.51,0.71,11.7,7
630,8.9,0.12,0.45,1.8,0.075,10,21,0.99552,3.41,0.76,11.9,7
382,10.4,0.33,0.63,2.8,0.084,5,22,0.9998,3.26,0.74,11.2,7
840,10.6,0.36,0.57,2.3,0.087,6,20,0.99676,3.14,0.72,11.1,7
347,10.5,0.24,0.47,2.1,0.066,6,24,0.9978,3.15,0.9,11,7
746,6.6,0.52,0.08,2.4,0.07,13,26,0.99358,3.4,0.72,12.5,7
315,11.9,0.43,0.66,3.1,0.109,10,23,1,3.15,0.85,10.4,7
681,9.9,0.35,0.38,1.5,0.058,31,47,0.99676,3.26,0.82,10.6,7
1113,6.1,0.4,0.16,1.8,0.069,11,25,0.9955,3.42,0.74,10.1,7
769,11.6,0.41,0.54,1.5,0.095,22,41,0.99735,3.02,0.76,9.9,7
576,8.3,0.31,0.39,2.4,0.078,17,43,0.99444,3.31,0.77,12.5,7
677,5.6,0.66,0,2.2,0.087,3,11,0.99378,3.71,0.63,12.8,7
687,9.1,0.3,0.34,2,0.064,12,25,0.99516,3.26,0.84,11.7,7
857,7.1,0.66,0,2.4,0.052,6,11,0.99318,3.35,0.66,12.7,7
345,6.6,0.84,0.03,2.3,0.059,32,48,0.9952,3.52,0.56,12.3,7
842,8.5,0.32,0.42,2.3,0.075,12,19,0.99434,3.14,0.71,11.8,7
1157,5.3,0.47,0.11,2.2,0.048,16,89,0.99182,3.54,0.88,13.6,7
812,7.4,0.36,0.34,1.8,0.075,18,38,0.9933,3.38,0.88,13.6,7
292,11.9,0.695,0.53,3.4,0.128,7,21,0.9992,3.17,0.84,12.2,7
836,8.5,0.18,0.51,1.75,0.071,45,88,0.99524,3.33,0.76,11.8,7
805,8.8,0.24,0.35,1.7,0.055,13,27,0.99394,3.14,0.59,11.3,7
885,7.2,0.36,0.46,2.1,0.074,24,44,0.99534,3.4,0.85,11,7
736,8.9,0.48,0.53,4,0.101,3,10,0.99586,3.21,0.59,12.1,7
1139,7.9,0.2,0.35,1.7,0.054,7,15,0.99458,3.32,0.8,11.9,7
622,10.1,0.43,0.4,2.6,0.092,13,52,0.99834,3.22,0.64,10,7
567,10.7,0.52,0.38,2.6,0.066,29,56,0.99577,3.15,0.79,12.1,7
629,8.9,0.12,0.45,1.8,0.075,10,21,0.99552,3.41,0.76,11.9,7
618,7.2,0.38,0.38,2.8,0.068,23,42,0.99356,3.34,0.72,12.9,7
747,11.1,0.31,0.53,2.2,0.06,3,10,0.99572,3.02,0.83,10.9,7
291,7.9,0.65,0.01,2.5,0.078,17,38,0.9963,3.34,0.74,11.7,7
277,9.8,0.66,0.39,3.2,0.083,21,59,0.9989,3.37,0.71,11.5,7
593,9.4,0.395,0.46,4.6,0.094,3,10,0.99639,3.27,0.64,12.2,7
216,10,0.31,0.47,2.6,0.085,14,33,0.99965,3.36,0.8,10.5,7
631,8.3,0.28,0.48,2.1,0.093,6,12,0.99408,3.26,0.62,12.4,7
959,9.8,0.3,0.39,1.7,0.062,3,9,0.9948,3.14,0.57,11.5,7
696,8.9,0.38,0.4,2.2,0.068,12,28,0.99486,3.27,0.75,12.6,7
654,8.8,0.33,0.41,5.9,0.073,7,13,0.99658,3.3,0.62,12.1,7
676,5.6,0.66,0,2.2,0.087,3,11,0.99378,3.71,0.63,12.8,7
201,15,0.21,0.44,2.2,0.075,10,24,1.00005,3.07,0.84,9.2,7
377,10.4,0.33,0.63,2.8,0.084,5,22,0.9998,3.26,0.74,11.2,7
1235,7,0.56,0.17,1.7,0.065,15,24,0.99514,3.44,0.68,10.55,7
540,11.7,0.28,0.47,1.7,0.054,17,32,0.99686,3.15,0.67,10.6,7
847,8.2,0.33,0.39,2.5,0.074,29,48,0.99528,3.32,0.88,12.4,7
410,9.4,0.41,0.48,4.6,0.072,10,20,0.9973,3.34,0.79,12.2,7
739,8.9,0.48,0.53,4,0.101,3,10,0.99586,3.21,0.59,12.1,7
632,8.2,0.31,0.4,2.2,0.058,6,10,0.99536,3.31,0.68,11.2,7
813,7.2,0.48,0.07,5.5,0.089,10,18,0.99684,3.37,0.68,11.2,7
837,5.1,0.51,0.18,2.1,0.042,16,101,0.9924,3.46,0.87,12.9,7
683,6.8,0.36,0.32,1.8,0.067,4,8,0.9928,3.36,0.55,12.8,7
553,9.1,0.21,0.37,1.6,0.067,6,10,0.99552,3.23,0.58,11.1,7
1130,7.2,0.37,0.32,2,0.062,15,28,0.9947,3.23,0.73,11.3,7
1097,7.3,0.34,0.33,2.5,0.064,21,37,0.9952,3.35,0.77,12.1,7
888,7.2,0.36,0.46,2.1,0.074,24,44,0.99534,3.4,0.85,11,7
578,8.3,0.31,0.39,2.4,0.078,17,43,0.99444,3.31,0.77,12.5,7
1174,6.4,0.31,0.09,1.4,0.066,15,28,0.99459,3.42,0.7,10,7
283,11.6,0.53,0.66,3.65,0.121,6,14,0.9978,3.05,0.74,11.5,7
163,12.8,0.3,0.74,2.6,0.095,9,28,0.9994,3.2,0.77,10.8,7
759,7.9,0.3,0.68,8.3,0.05,37.5,278,0.99316,3.01,0.51,12.3,7
624,8.3,0.3,0.49,3.8,0.09,11,24,0.99498,3.27,0.64,12.1,7
738,9.9,0.53,0.57,2.4,0.093,30,52,0.9971,3.19,0.76,11.6,7
349,6.6,0.84,0.03,2.3,0.059,32,48,0.9952,3.52,0.56,12.3,7
554,10.4,0.38,0.46,2.1,0.104,6,10,0.99664,3.12,0.65,11.8,7
1078,7,0.6,0.12,2.2,0.083,13,28,0.9966,3.52,0.62,10.2,7
633,10.2,0.34,0.48,2.1,0.052,5,9,0.99458,3.2,0.69,12.1,7
882,8.6,0.42,0.39,1.8,0.068,6,12,0.99516,3.35,0.69,11.7,8
235,10.3,0.32,0.45,6.4,0.073,5,13,0.9976,3.23,0.82,12.6,8
949,5.5,0.49,0.03,1.8,0.044,28,87,0.9908,3.5,0.82,14,8
379,11.3,0.62,0.67,5.2,0.086,6,19,0.9988,3.22,0.69,13.4,8
379,11.3,0.62,0.67,5.2,0.086,6,19,0.9988,3.22,0.69,13.4,8
1083,7.2,0.33,0.33,1.7,0.061,3,13,0.996,3.23,1.1,10,8
364,12.6,0.31,0.72,2.2,0.072,6,29,0.9987,2.88,0.82,9.8,8
800,7.9,0.54,0.34,2.5,0.076,8,17,0.99235,3.2,0.72,13.1,8
741,9.1,0.4,0.5,1.8,0.071,7,16,0.99462,3.21,0.69,12.5,8
526,7.8,0.57,0.09,2.3,0.065,34,45,0.99417,3.46,0.74,12.7,8
379,11.3,0.62,0.67,5.2,0.086,6,19,0.9988,3.22,0.69,13.4,8
364,12.6,0.31,0.72,2.2,0.072,6,29,0.9987,2.88,0.82,9.8,8
1129,7.2,0.38,0.31,2,0.056,15,29,0.99472,3.23,0.76,11.3,8
364,12.6,0.31,0.72,2.2,0.072,6,29,0.9987,2.88,0.82,9.8,8
770,10,0.26,0.54,1.9,0.083,42,74,0.99451,2.98,0.63,11.8,8
526,7.8,0.57,0.09,2.3,0.065,34,45,0.99417,3.46,0.74,12.7,8
364,12.6,0.31,0.72,2.2,0.072,6,29,0.9987,2.88,0.82,9.8,8
1083,7.2,0.33,0.33,1.7,0.061,3,13,0.996,3.23,1.1,10,8
741,9.1,0.4,0.5,1.8,0.071,7,16,0.99462,3.21,0.69,12.5,8
770,10,0.26,0.54,1.9,0.083,42,74,0.99451,2.98,0.63,11.8,8
949,5.5,0.49,0.03,1.8,0.044,28,87,0.9908,3.5,0.82,14,8
224,7.9,0.35,0.46,3.6,0.078,15,37,0.9973,3.35,0.86,12.8,8
1083,7.2,0.33,0.33,1.7,0.061,3,13,0.996,3.23,1.1,10,8
235,10.3,0.32,0.45,6.4,0.073,5,13,0.9976,3.23,0.82,12.6,8
1083,7.2,0.33,0.33,1.7,0.061,3,13,0.996,3.23,1.1,10,8
741,9.1,0.4,0.5,1.8,0.071,7,16,0.99462,3.21,0.69,12.5,8
1129,7.2,0.38,0.31,2,0.056,15,29,0.99472,3.23,0.76,11.3,8
800,7.9,0.54,0.34,2.5,0.076,8,17,0.99235,3.2,0.72,13.1,8
741,9.1,0.4,0.5,1.8,0.071,7,16,0.99462,3.21,0.69,12.5,8
949,5.5,0.49,0.03,1.8,0.044,28,87,0.9908,3.5,0.82,14,8
741,9.1,0.4,0.5,1.8,0.071,7,16,0.99462,3.21,0.69,12.5,8
224,7.9,0.35,0.46,3.6,0.078,15,37,0.9973,3.35,0.86,12.8,8
741,9.1,0.4,0.5,1.8,0.071,7,16,0.99462,3.21,0.69,12.5,8
770,10,0.26,0.54,1.9,0.083,42,74,0.99451,2.98,0.63,11.8,8
379,11.3,0.62,0.67,5.2,0.086,6,19,0.9988,3.22,0.69,13.4,8
526,7.8,0.57,0.09,2.3,0.065,34,45,0.99417,3.46,0.74,12.7,8
1083,7.2,0.33,0.33,1.7,0.061,3,13,0.996,3.23,1.1,10,8
224,7.9,0.35,0.46,3.6,0.078,15,37,0.9973,3.35,0.86,12.8,8
224,7.9,0.35,0.46,3.6,0.078,15,37,0.9973,3.35,0.86,12.8,8
526,7.8,0.57,0.09,2.3,0.065,34,45,0.99417,3.46,0.74,12.7,8
1083,7.2,0.33,0.33,1.7,0.061,3,13,0.996,3.23,1.1,10,8
235,10.3,0.32,0.45,6.4,0.073,5,13,0.9976,3.23,0.82,12.6,8
882,8.6,0.42,0.39,1.8,0.068,6,12,0.99516,3.35,0.69,11.7,8
800,7.9,0.54,0.34,2.5,0.076,8,17,0.99235,3.2,0.72,13.1,8
526,7.8,0.57,0.09,2.3,0.065,34,45,0.99417,3.46,0.74,12.7,8
526,7.8,0.57,0.09,2.3,0.065,34,45,0.99417,3.46,0.74,12.7,8
770,10,0.26,0.54,1.9,0.083,42,74,0.99451,2.98,0.63,11.8,8
800,7.9,0.54,0.34,2.5,0.076,8,17,0.99235,3.2,0.72,13.1,8
235,10.3,0.32,0.45,6.4,0.073,5,13,0.9976,3.23,0.82,12.6,8
364,12.6,0.31,0.72,2.2,0.072,6,29,0.9987,2.88,0.82,9.8,8
